"","Pendaftaran Registrasi Atlet Keterangan Identitas Profil Dasar Catatan: ","Nama (Tanpa Gelar) Gelar Depan (Drs./Dr./Ir./Dst.) Gelar Belakang (S.Pd., M.Pd., Dst.) Nama Sertifikat Jenis Kelamin Tempat Tanggal Lahir Alamat KTP Alamat Tinggal Asal Kota/Kabupaten Alamat Asal Kota/Kabupaten Pengcab No. HP E-Mail ","Data (50 Karakter) (50 Karakter) (50 Karakter) Otomatis (Laki – Laki) (Dropdown) Tanggal/Bulan/Lahir (200 Karakter) (200 Karakter) (Dropdown) (Dropdown) (50 Karakter) (50 Karakter) ","Dokumen - - - - - - - - - - - - ","","Riwayat Prestasi Event No Tambahkan Tambahkan Tambahkan Tambahkan Tambahkan Tambahkan Tambahkan Tambahkan Tambahkan Tambahkan Tambahkan Tambahkan Tambahkan Tambahkan Tambahkan Tambahkan Tambahkan Tambahkan Tambahkan","Sebagai (Dropdown) Athlete ","Nomor (Dropdown) Indoor Beach Field Wheelchair Street ","Jenis Event (Dropdown) Single-Event Multi-Event Festival ","Tingkat (Dropdown) International International - Continental International - Regional International - Open National Province Cities/Regency ","Kepesertaan (Dropdown) Antar Negara Antar Provinsi Antar Kota/Kab Antar Universitas Antar Pelajar Antar Klub Open ","Kategori (Dropdown) Jenjang Pelajar SD/Sederajat Jenjang Pelajar SMP/Sederajat Jenjang Pelajar SMA/Sederajat Jenjang Pelajar Universitas/Sederajat Open Senior U-23 U-22 U-21 U-20 U-19 U-18 U-17 U-16 U-15 U-14 U-13 U-12","Tanggal ","- - - - - - - - - - - - - - - - - -","","Hasil (Dropdown) Peringkat 1 Peringkat 2 Peringkat 3 Peringkat 4 Peringkat 5 Peringkat 6 Peringkat 7 Peringkat 8 Peringkat 9 Peringkat 10 Peringkat 11 Peringkat 12 Peringkat 13 Peringkat 14 Peringkat 15 Peringkat 16 ","Kota/Kab. Pelaksanaan (Dropdown) ","Nama Event ","Nama Tim ","","DROPDOWN ASAL KAB/KOTA NAMA KOTA/KAB Kab. Aceh Barat Kab. Aceh Barat Daya Kab. Aceh Besar Kab. Aceh Jaya Kab. Aceh Selatan Kab. Aceh Singkil Kab. Aceh Tamiang Kab. Aceh Tengah Kab. Aceh Tenggara Kab. Aceh Timur Kab. Aceh Utara Kab. Administrasi Kep. Seribu Kab. Agam Kab. Alor Kab. Asahan Kab. Asmat Kab. Badung Kab. Balangan Kab. Bandung","NAMA PROVINSI Aceh Aceh Aceh Aceh Aceh Aceh Aceh Aceh Aceh Aceh Aceh DKI Jakarta Sumatera Barat Nusa Tenggara Timur Sumatera Utara Papua Selatan Bali Kalimantan Selatan Jawa Barat","","DROPDOWN TEMPAT LAHIR TEMPAT LAHIR Aceh Barat Aceh Barat Daya Aceh Besar Aceh Jaya Aceh Selatan Aceh Singkil Aceh Tamiang Aceh Tengah Aceh Tenggara Aceh Timur Aceh Utara Agam Alor Ambon Asahan Asmat Badung Balangan Balikpapan","PROVINSI Aceh Aceh Aceh Aceh Aceh Aceh Aceh Aceh Aceh Aceh Aceh Sumatera Barat Nusa Tenggara Timur Maluku Sumatera Utara Papua Selatan Bali Kalimantan Selatan Kalimantan Timur",""
"","1","Pastikan File Upload Dalam Kondisi Terbaca Jelas; Tidak Tertutup Pencahayaan, Lipatan ataupun kondisi yang dapat menghambat unsur keterbacaan","","","","Tambahkan","","","","","","U-11","","-","","","","","","","Kab. Bandung Barat","Jawa Barat","","Banda Aceh","Aceh",""
"","","","","","","Tambahkan","","","","","","U-10","","-","","","","","","","Kab. Banggai","Sulawesi Tengah","","Bandar Lampung","Lampung",""
"","","","","","","Tambahkan","","","","","","","","-","","","","","","","Kab. Banggai Kep.","Sulawesi Tengah","","Bandung","Jawa Barat",""
"","2","Apabila Terdapat Kendala, Hubungi admin: 0851-5851-9311","","","","Tambahkan","","","","","","","","-","","","","","","","Kab. Banggai Laut","Sulawesi Tengah","","Bandung Barat","Jawa Barat",""
"","","","","","","Tambahkan","","","","","","","","-","","","","","","","Kab. Bangka","Kep. Bangka Belitung","","Banggai","Sulawesi Tengah",""
"","","","","","","Tambahkan","","","","","","","","-","","","","","","","Kab. Bangka Barat","Kep. Bangka Belitung","","Banggai Kep.","Sulawesi Tengah",""
"","","Pas Foto","-","(Upload File JPG)","","Tambahkan","","","","","","","","-","","","","","","","Kab. Bangka Selatan","Kep. Bangka Belitung","","Banggai Laut","Sulawesi Tengah",""
"","","No. Akta Lahir","(50 Karakter)","(Upload File PDF kecil)","","Tambahkan","","","","","","","","-","","","","","","","Kab. Bangka Tengah","Kep. Bangka Belitung","","Bangka","Kep. Bangka Belitung",""
"","","No. KK","(50 Karakter)","(Upload File PDF kecil)","","Tambahkan","","","","","","","","-","","","","","","","Kab. Bangkalan","Jawa Timur","","Bangka Barat","Kep. Bangka Belitung",""
"","","No. KIA","(50 Karakter)","(Upload File PDF kecil)","","Tambahkan","","","","","","","","-","","","","","","","Kab. Bangli","Bali","","Bangka Selatan","Kep. Bangka Belitung",""
"","","No. KTP","(50 Karakter)","(Upload File PDF kecil)","","Tambahkan","","","","","","","","-","","","","","","","Kab. Banjar","Kalimantan Selatan","","Bangka Tengah","Kep. Bangka Belitung",""
"","","Asuransi","","","","Tambahkan","","","","","","","","-","","","","","","","Kab. Banjarnegara","Jawa Tengah","","Bangkalan","Jawa Timur",""
"","","No. Asuransi Pemerintah (BPJS)","(50 Karakter)","(Upload File PDF kecil)","","Tambahkan","","","","","","","","-","","","","","","","Kab. Bantaeng","Sulawesi Selatan","","Bangli","Bali",""
"","","No. Asuransi Swasta (Jika ada)","(50 Karakter)","(Upload File PDF kecil)","","Tambahkan","","","","","","","","-","","","","","","","Kab. Bantul","DI Yogyakarta","","Banjar","Kalimantan Selatan",""
"","","Ijazah (Minimal Terakhir)","","","","Tambahkan","","","","","","","","-","","","","","","","Kab. Banyuasin","Sumatera Selatan","","Banjar","Jawa Barat",""
"","","Nama SD-Sederajat","(50 Karakter)","(Upload File PDF kecil)","","Tambahkan","","","","","","","","-","","","","","","","Kab. Banyumas","Jawa Tengah","","Banjarbaru","Kalimantan Selatan",""
"","","Nama SMP-Sederajat","(50 Karakter)","(Upload File PDF kecil)","","","","","","","","","","","","","","","","","Kab. Banyuwangi","Jawa Timur","","Banjarmasin","Kalimantan Selatan",""
"","","Nama SMA-Sederajat","(50 Karakter)","(Upload File PDF kecil)","","","","","","","","","","","","","","","","","Kab. Barito Kuala","Kalimantan Selatan","","Banjarnegara","Jawa Tengah",""
"","","Nama Universitas S-1","(50 Karakter)","(Upload File PDF kecil)","","","","","","","","","","","","","","","","","Kab. Barito Selatan","Kalimantan Tengah","","Bantaeng","Sulawesi Selatan",""
"","","Nama Universitas S-2","(50 Karakter)","(Upload File PDF kecil)","","","","","","","","","","","","","","","","","Kab. Barito Timur","Kalimantan Tengah","","Bantul","DI Yogyakarta",""
"","","Nama Universitas S-3","(50 Karakter)","(Upload File PDF kecil)","","","","","","","","","","","","","","","","","Kab. Barito Utara","Kalimantan Tengah","","Banyuasin","Sumatera Selatan",""
"","","Pakta Integritas Usia <16 Tahun","(50 Karakter)","(Upload File PDF kecil)","","","","","","","","","","","","","","","","","","","","","",""
"","","Pakta Integritas Jawa Barat","","","","","","","","","","","","","","","","","","","Kab. Barru","Sulawesi Selatan","","Banyumas","Jawa Tengah",""
"","","Tanggal/Bulan/Tahun","-","(Upload File PDF kecil)","","Tambahkan (Max 8)","","","","","","","","","","","","","","","","","","","",""
"","","Tanggal/Bulan/Tahun","-","(Upload File PDF kecil)","","Tambahkan (Max 8)","","","","","","","","","","","","","","","","","","","",""
"","","Tanggal/Bulan/Tahun","-","(Upload File PDF kecil)","","Tambahkan (Max 8)","","","","","","","","","","","","","","","","","","","",""
"","","Tanggal/Bulan/Tahun","-","(Upload File PDF kecil)","","Tambahkan (Max 8)","","","","","","","","","","","","","","","","","","","",""
"","","Tanggal/Bulan/Tahun","-","(Upload File PDF kecil)","","Tambahkan (Max 8)","","","","","","","","","","","","","","","","","","","",""
"","","Tanggal/Bulan/Tahun","-","(Upload File PDF kecil)","","Tambahkan (Max 8)","","","","","","","","","","","","","","","","","","","",""
"","","Tanggal/Bulan/Tahun","-","(Upload File PDF kecil)","","Tambahkan (Max 8)","","","","","","","","","","","","","","","","","","","",""
"","","Tanggal/Bulan/Tahun","-","(Upload File PDF kecil)","","Tambahkan (Max 8)","","","","","","","","","","","","","","","","","","","",""
"","","Pakta Integritas Kota/Kabupaten","","","","","","","","","","","","","","","","","","","Kab. Batang","Jawa Tengah","","Banyuwangi","Jawa Timur",""
"","","Tanggal/Bulan/Tahun","-","(Upload File PDF kecil)","","Tambahkan (Max 8)","","","","","","","","","","","","","","","","","","","",""
"","","Tanggal/Bulan/Tahun","-","(Upload File PDF kecil)","","Tambahkan (Max 8)","","","","","","","","","","","","","","","","","","","",""
"","","Tanggal/Bulan/Tahun","-","(Upload File PDF kecil)","","Tambahkan (Max 8)","","","","","","","","","","","","","","","","","","","",""
"","","Tanggal/Bulan/Tahun","-","(Upload File PDF kecil)","","Tambahkan (Max 8)","","","","","","","","","","","","","","","","","","","",""
"","","Tanggal/Bulan/Tahun","-","(Upload File PDF kecil)","","Tambahkan (Max 8)","","","","","","","","","","","","","","","","","","","",""
"","","Tanggal/Bulan/Tahun","-","(Upload File PDF kecil)","","Tambahkan (Max 8)","","","","","","","","","","","","","","","","","","","",""
"","","Tanggal/Bulan/Tahun","-","(Upload File PDF kecil)","","Tambahkan (Max 8)","","","","","","","","","","","","","","","","","","","",""
"","","Tanggal/Bulan/Tahun","-","(Upload File PDF kecil)","","Tambahkan (Max 8)","","","","","","","","","","","","","","","","","","","",""
"","","Dokumen Keabsahan Mutasi","","","","","","","","","","","","","","","","","","","Kab. Batanghari","Jambi","","Barito Kuala","Kalimantan Selatan",""
"","","Tanggal/Bulan/Tahun","-","(Upload File PDF kecil)","","Tambahkan (Max 8)","","","","","","","","","","","","","","","Kab. Batu Bara","Sumatera Utara","","Barito Selatan","Kalimantan Tengah",""
"","","Tanggal/Bulan/Tahun","-","(Upload File PDF kecil)","","Tambahkan (Max 8)","","","","","","","","","","","","","","","Kab. Bekasi","Jawa Barat","","Barito Timur","Kalimantan Tengah",""
"","","Tanggal/Bulan/Tahun","-","(Upload File PDF kecil)","","Tambahkan (Max 8)","","","","","","","","","","","","","","","Kab. Belitung","Kep. Bangka Belitung","","Barito Utara","Kalimantan Tengah",""
"","","Tanggal/Bulan/Tahun","-","(Upload File PDF kecil)","","Tambahkan (Max 8)","","","","","","","","","","","","","","","Kab. Belitung Timur","Kep. Bangka Belitung","","Barru","Sulawesi Selatan",""
"","","Tanggal/Bulan/Tahun","-","(Upload File PDF kecil)","","Tambahkan (Max 8)","","","","","","","","","","","","","","","Kab. Belu","Nusa Tenggara Timur","","Batam","Kep. Riau",""
"","","Tanggal/Bulan/Tahun","-","(Upload File PDF kecil)","","Tambahkan (Max 8)","","","","","","","","","","","","","","","","","","","",""
"","","Tanggal/Bulan/Tahun","-","(Upload File PDF kecil)","","Tambahkan (Max 8)","","","","","","","","","","","","","","","","","","","",""
"","","Tanggal/Bulan/Tahun","-","(Upload File PDF kecil)","","Tambahkan (Max 8)","","","","","","","","","","","","","","","","","","","",""
"","","NAMA TIM KLUB","","","","","","","","","","","","","","","","","","","Kab. Bengkalis","Riau","","Batanghari","Jambi",""
"","","(Tanggal/Bulan/Tahun) - (Tanggal/Bulan/Tahun)","(50 Karakter)","-","","Tambahkan (Max 8)","","","","","","","","","","","","","","","Kab. Bengkayang","Kalimantan Barat","","Batu","Jawa Timur",""
"","","(Tanggal/Bulan/Tahun) - (Tanggal/Bulan/Tahun)","(50 Karakter)","-","","Tambahkan (Max 8)","","","","","","","","","","","","","","","Kab. Bengkulu Selatan","Bengkulu","","Batu Bara","Sumatera Utara",""
"","","(Tanggal/Bulan/Tahun) - (Tanggal/Bulan/Tahun)","(50 Karakter)","-","","Tambahkan (Max 8)","","","","","","","","","","","","","","","Kab. Bengkulu Tengah","Bengkulu","","Baubau","Sulawesi Tenggara",""
"","","(Tanggal/Bulan/Tahun) - (Tanggal/Bulan/Tahun)","(50 Karakter)","-","","Tambahkan (Max 8)","","","","","","","","","","","","","","","Kab. Bengkulu Utara","Bengkulu","","Bekasi","Jawa Barat",""
"","","(Tanggal/Bulan/Tahun) - (Tanggal/Bulan/Tahun)","(50 Karakter)","-","","Tambahkan (Max 8)","","","","","","","","","","","","","","","Kab. Berau","Kalimantan Timur","","Belitung","Kep. Bangka Belitung",""
"","","(Tanggal/Bulan/Tahun) - (Tanggal/Bulan/Tahun)","(50 Karakter)","-","","Tambahkan (Max 8)","","","","","","","","","","","","","","","","","","","",""
"","","(Tanggal/Bulan/Tahun) - (Tanggal/Bulan/Tahun)","(50 Karakter)","-","","Tambahkan (Max 8)","","","","","","","","","","","","","","","","","","","",""
"","","(Tanggal/Bulan/Tahun) - (Tanggal/Bulan/Tahun)","(50 Karakter)","-","","Tambahkan (Max 8)","","","","","","","","","","","","","","","","","","","",""
"","","NAMA TIM PELAJAR","","","","","","","","","","","","","","","","","","","Kab. Biak Numfor","Papua","","Belitung Timur","Kep. Bangka Belitung",""
"","","(Tanggal/Bulan/Tahun) - (Tanggal/Bulan/Tahun)","(50 Karakter)","-","","Tambahkan (Max 8)","","","","","","","","","","","","","","","Kab. Bima","Nusa Tenggara Barat","","Belu","Nusa Tenggara Timur",""
"","","(Tanggal/Bulan/Tahun) - (Tanggal/Bulan/Tahun)","(50 Karakter)","-","","Tambahkan (Max 8)","","","","","","","","","","","","","","","Kab. Bintan","Kep. Riau","","Bener Meriah","Aceh",""
"","","(Tanggal/Bulan/Tahun) - (Tanggal/Bulan/Tahun)","(50 Karakter)","-","","Tambahkan (Max 8)","","","","","","","","","","","","","","","Kab. Bireuen","Aceh","","Bengkalis","Riau",""
"","","(Tanggal/Bulan/Tahun) - (Tanggal/Bulan/Tahun)","(50 Karakter)","-","","Tambahkan (Max 8)","","","","","","","","","","","","","","","Kab. Blitar","Jawa Timur","","Bengkayang","Kalimantan Barat",""
"","","(Tanggal/Bulan/Tahun) - (Tanggal/Bulan/Tahun)","(50 Karakter)","-","","Tambahkan (Max 8)","","","","","","","","","","","","","","","Kab. Blora","Jawa Tengah","","Bengkulu","Bengkulu",""
"","","(Tanggal/Bulan/Tahun) - (Tanggal/Bulan/Tahun)","(50 Karakter)","-","","Tambahkan (Max 8)","","","","","","","","","","","","","","","","","","","",""
"","","(Tanggal/Bulan/Tahun) - (Tanggal/Bulan/Tahun)","(50 Karakter)","-","","Tambahkan (Max 8)","","","","","","","","","","","","","","","","","","","",""
"","","(Tanggal/Bulan/Tahun) - (Tanggal/Bulan/Tahun)","(50 Karakter)","-","","Tambahkan (Max 8)","","","","","","","","","","","","","","","","","","","",""
"","","NAMA TIM UNIVERSITAS","","","","","","","","","","","","","","","","","","","Kab. Boalemo","Gorontalo","","Bengkulu Selatan","Bengkulu",""
"","","(Tanggal/Bulan/Tahun) - (Tanggal/Bulan/Tahun)","(50 Karakter)","-","","Tambahkan (Max 8)","","","","","","","","","","","","","","","Kab. Bogor","Jawa Barat","","Bengkulu Tengah","Bengkulu",""
"","","(Tanggal/Bulan/Tahun) - (Tanggal/Bulan/Tahun)","(50 Karakter)","-","","Tambahkan (Max 8)","","","","","","","","","","","","","","","Kab. Bojonegoro","Jawa Timur","","Bengkulu Utara","Bengkulu",""
"","","(Tanggal/Bulan/Tahun) - (Tanggal/Bulan/Tahun)","(50 Karakter)","-","","Tambahkan (Max 8)","","","","","","","","","","","","","","","Kab. Bolaang Mongondow","Sulawesi Utara","","Berau","Kalimantan Timur",""
"","","(Tanggal/Bulan/Tahun) - (Tanggal/Bulan/Tahun)","(50 Karakter)","-","","Tambahkan (Max 8)","","","","","","","","","","","","","","","Kab. Bolaang Mongondow Selatan","Sulawesi Utara","","Biak Numfor","Papua",""
"","","(Tanggal/Bulan/Tahun) - (Tanggal/Bulan/Tahun)","(50 Karakter)","-","","Tambahkan (Max 8)","","","","","","","","","","","","","","","Kab. Bolaang Mongondow Timur","Sulawesi Utara","","Bima","Nusa Tenggara Barat",""
"","","(Tanggal/Bulan/Tahun) - (Tanggal/Bulan/Tahun)","(50 Karakter)","-","","Tambahkan (Max 8)","","","","","","","","","","","","","","","","","","","",""
"","","(Tanggal/Bulan/Tahun) - (Tanggal/Bulan/Tahun)","(50 Karakter)","-","","Tambahkan (Max 8)","","","","","","","","","","","","","","","","","","","",""
"","","(Tanggal/Bulan/Tahun) - (Tanggal/Bulan/Tahun)","(50 Karakter)","-","","Tambahkan (Max 8)","","","","","","","","","","","","","","","","","","","",""
"","","NAMA TIM KOTA/KAB","","","","","","","","","","","","","","","","","","","Kab. Bolaang Mongondow Utara","Sulawesi Utara","","Binjai","Sumatera Utara",""
"","","(Tanggal/Bulan/Tahun) - (Tanggal/Bulan/Tahun)","(50 Karakter)","-","","Tambahkan (Max 8)","","","","","","","","","","","","","","","Kab. Bombana","Sulawesi Tenggara","","Bintan","Kep. Riau",""
"","","(Tanggal/Bulan/Tahun) - (Tanggal/Bulan/Tahun)","(50 Karakter)","-","","Tambahkan (Max 8)","","","","","","","","","","","","","","","Kab. Bondowoso","Jawa Timur","","Bireuen","Aceh",""
"","","(Tanggal/Bulan/Tahun) - (Tanggal/Bulan/Tahun)","(50 Karakter)","-","","Tambahkan (Max 8)","","","","","","","","","","","","","","","Kab. Bone","Sulawesi Selatan","","Bitung","Sulawesi Utara",""
"","","(Tanggal/Bulan/Tahun) - (Tanggal/Bulan/Tahun)","(50 Karakter)","-","","Tambahkan (Max 8)","","","","","","","","","","","","","","","Kab. Bone Bolango","Gorontalo","","Blitar","Jawa Timur",""
"","","(Tanggal/Bulan/Tahun) - (Tanggal/Bulan/Tahun)","(50 Karakter)","-","","Tambahkan (Max 8)","","","","","","","","","","","","","","","Kab. Boven Digoel","Papua Selatan","","Blora","Jawa Tengah",""
"","","(Tanggal/Bulan/Tahun) - (Tanggal/Bulan/Tahun)","(50 Karakter)","-","","Tambahkan (Max 8)","","","","","","","","","","","","","","","","","","","",""
"","","(Tanggal/Bulan/Tahun) - (Tanggal/Bulan/Tahun)","(50 Karakter)","-","","Tambahkan (Max 8)","","","","","","","","","","","","","","","","","","","",""
"","","(Tanggal/Bulan/Tahun) - (Tanggal/Bulan/Tahun)","(50 Karakter)","-","","Tambahkan (Max 8)","","","","","","","","","","","","","","","","","","","",""
"","","NAMA TIM PROVINSI","","","","","","","","","","","","","","","","","","","Kab. Boyolali","Jawa Tengah","","Boalemo","Gorontalo",""
"","","(Tanggal/Bulan/Tahun) - (Tanggal/Bulan/Tahun)","(50 Karakter)","-","","Tambahkan (Max 8)","","","","","","","","","","","","","","","Kab. Brebes","Jawa Tengah","","Bogor","Jawa Barat",""
"","","(Tanggal/Bulan/Tahun) - (Tanggal/Bulan/Tahun)","(50 Karakter)","-","","Tambahkan (Max 8)","","","","","","","","","","","","","","","Kab. Buleleng","Bali","","Bojonegoro","Jawa Timur",""
"","","(Tanggal/Bulan/Tahun) - (Tanggal/Bulan/Tahun)","(50 Karakter)","-","","Tambahkan (Max 8)","","","","","","","","","","","","","","","Kab. Bulukumba","Sulawesi Selatan","","Bolaang Mongondow","Sulawesi Utara",""
"","","(Tanggal/Bulan/Tahun) - (Tanggal/Bulan/Tahun)","(50 Karakter)","-","","Tambahkan (Max 8)","","","","","","","","","","","","","","","Kab. Bulungan","Kalimantan Utara","","Bolaang Mongondow Selatan","Sulawesi Utara",""
"","","(Tanggal/Bulan/Tahun) - (Tanggal/Bulan/Tahun)","(50 Karakter)","-","","Tambahkan (Max 8)","","","","","","","","","","","","","","","Kab. Bungo","Jambi","","Bolaang Mongondow Timur","Sulawesi Utara",""
"","","(Tanggal/Bulan/Tahun) - (Tanggal/Bulan/Tahun)","(50 Karakter)","-","","Tambahkan (Max 8)","","","","","","","","","","","","","","","","","","","",""
"","","(Tanggal/Bulan/Tahun) - (Tanggal/Bulan/Tahun)","(50 Karakter)","-","","Tambahkan (Max 8)","","","","","","","","","","","","","","","","","","","",""
"","","(Tanggal/Bulan/Tahun) - (Tanggal/Bulan/Tahun)","(50 Karakter)","-","","Tambahkan (Max 8)","","","","","","","","","","","","","","","","","","","",""
"","","NAMA TIM NASIONAL","","","","","","","","","","","","","","","","","","","Kab. Buol","Sulawesi Tengah","","Bolaang Mongondow Utara","Sulawesi Utara",""
"","","(Tanggal/Bulan/Tahun) - (Tanggal/Bulan/Tahun)","(50 Karakter)","-","","Tambahkan (Max 8)","","","","","","","","","","","","","","","Kab. Buru","Maluku","","Bombana","Sulawesi Tenggara",""
"","","(Tanggal/Bulan/Tahun) - (Tanggal/Bulan/Tahun)","(50 Karakter)","-","","Tambahkan (Max 8)","","","","","","","","","","","","","","","Kab. Buru Selatan","Maluku","","Bondowoso","Jawa Timur",""
"","","(Tanggal/Bulan/Tahun) - (Tanggal/Bulan/Tahun)","(50 Karakter)","-","","Tambahkan (Max 8)","","","","","","","","","","","","","","","Kab. Buton","Sulawesi Tenggara","","Bone","Sulawesi Selatan",""
"","","(Tanggal/Bulan/Tahun) - (Tanggal/Bulan/Tahun)","(50 Karakter)","-","","Tambahkan (Max 8)","","","","","","","","","","","","","","","Kab. Buton Selatan","Sulawesi Tenggara","","Bone Bolango","Gorontalo",""
"","","(Tanggal/Bulan/Tahun) - (Tanggal/Bulan/Tahun)","(50 Karakter)","-","","Tambahkan (Max 8)","","","","","","","","","","","","","","","Kab. Buton Tengah","Sulawesi Tenggara","","Bontang","Kalimantan Timur",""
"","","(Tanggal/Bulan/Tahun) - (Tanggal/Bulan/Tahun)","(50 Karakter)","-","","Tambahkan (Max 8)","","","","","","","","","","","","","","","Kab. Buton Utara","Sulawesi Tenggara","","Boven Digoel","Papua Selatan",""
"","","(Tanggal/Bulan/Tahun) - (Tanggal/Bulan/Tahun)","(50 Karakter)","-","","Tambahkan (Max 8)","","","","","","","","","","","","","","","Kab. Ciamis","Jawa Barat","","Boyolali","Jawa Tengah",""
"","","(Tanggal/Bulan/Tahun) - (Tanggal/Bulan/Tahun)","(50 Karakter)","-","","Tambahkan (Max 8)","","","","","","","","","","","","","","","Kab. Cianjur","Jawa Barat","","Brebes","Jawa Tengah",""
"","","","","","","","","","","","","","","","","","","","","","Kab. Cilacap","Jawa Tengah","","Bukittinggi","Sumatera Barat",""
"","","","","","","","","","","","","","","","","","","","","","Kab. Cirebon","Jawa Barat","","Buleleng","Bali",""
"","","","","","","","","","","","","","","","","","","","","","Kab. Dairi","Sumatera Utara","","Bulukumba","Sulawesi Selatan",""
"","","","","","","","","","","","","","","","","","","","","","Kab. Deiyai","Papua Tengah","","Bulungan","Kalimantan Utara",""
"","","","","","","","","","","","","","","","","","","","","","Kab. Deli Serdang","Sumatera Utara","","Bungo","Jambi",""
"","","","","","","","","","","","","","","","","","","","","","Kab. Demak","Jawa Tengah","","Buol","Sulawesi Tengah",""
"","","","","","","","","","","","","","","","","","","","","","Kab. Dharmasraya","Sumatera Barat","","Buru","Maluku",""
"","","","","","","","","","","","","","","","","","","","","","Kab. Dogiyai","Papua Tengah","","Buru Selatan","Maluku",""
"","","","","","","","","","","","","","","","","","","","","","Kab. Dompu","Nusa Tenggara Barat","","Buton","Sulawesi Tenggara",""
"","","","","","","","","","","","","","","","","","","","","","Kab. Donggala","Sulawesi Tengah","","Buton Selatan","Sulawesi Tenggara",""
"","","","","","","","","","","","","","","","","","","","","","Kab. Empat Lawang","Sumatera Selatan","","Buton Tengah","Sulawesi Tenggara",""
"","","","","","","","","","","","","","","","","","","","","","Kab. Ende","Nusa Tenggara Timur","","Buton Utara","Sulawesi Tenggara",""
"","","","","","","","","","","","","","","","","","","","","","Kab. Enrekang","Sulawesi Selatan","","Ciamis","Jawa Barat",""
"","","","","","","","","","","","","","","","","","","","","","Kab. Fakfak","Papua Barat","","Cianjur","Jawa Barat",""
"","","","","","","","","","","","","","","","","","","","","","Kab. Flores Timur","Nusa Tenggara Timur","","Cilacap","Jawa Tengah",""
"","","","","","","","","","","","","","","","","","","","","","Kab. Garut","Jawa Barat","","Cilegon","Banten",""
"","","","","","","","","","","","","","","","","","","","","","Kab. Gayo Lues","Aceh","","Cimahi","Jawa Barat",""
"","","","","","","","","","","","","","","","","","","","","","Kab. Gianyar","Bali","","Cirebon","Jawa Barat",""
"","","","","","","","","","","","","","","","","","","","","","Kab. Gorontalo","Gorontalo","","Dairi","Sumatera Utara",""
"","","","","","","","","","","","","","","","","","","","","","Kab. Gorontalo Utara","Gorontalo","","Deiyai","Papua Tengah",""
"","","","","","","","","","","","","","","","","","","","","","Kab. Gowa","Sulawesi Selatan","","Deli Serdang","Sumatera Utara",""
"","","","","","","","","","","","","","","","","","","","","","Kab. Gresik","Jawa Timur","","Demak","Jawa Tengah",""
"","","","","","","","","","","","","","","","","","","","","","Kab. Grobogan","Jawa Tengah","","Denpasar","Bali",""
"","","","","","","","","","","","","","","","","","","","","","Kab. Gunung Mas","Kalimantan Tengah","","Depok","Jawa Barat",""
"","","","","","","","","","","","","","","","","","","","","","Kab. Gunungkidul","DI Yogyakarta","","Dharmasraya","Sumatera Barat",""
"","","","","","","","","","","","","","","","","","","","","","Kab. Halmahera Barat","Maluku Utara","","Dogiyai","Papua Tengah",""
"","","","","","","","","","","","","","","","","","","","","","Kab. Halmahera Selatan","Maluku Utara","","Dompu","Nusa Tenggara Barat",""
"","","","","","","","","","","","","","","","","","","","","","Kab. Halmahera Tengah","Maluku Utara","","Donggala","Sulawesi Tengah",""
"","","","","","","","","","","","","","","","","","","","","","Kab. Halmahera Timur","Maluku Utara","","Dumai","Riau",""
"","","","","","","","","","","","","","","","","","","","","","Kab. Halmahera Utara","Maluku Utara","","Empat Lawang","Sumatera Selatan",""
"","","","","","","","","","","","","","","","","","","","","","Kab. Hulu Sungai Selatan","Kalimantan Selatan","","Ende","Nusa Tenggara Timur",""
"","","","","","","","","","","","","","","","","","","","","","Kab. Hulu Sungai Tengah","Kalimantan Selatan","","Enrekang","Sulawesi Selatan",""
"","","","","","","","","","","","","","","","","","","","","","Kab. Hulu Sungai Utara","Kalimantan Selatan","","Fakfak","Papua Barat",""
"","","","","","","","","","","","","","","","","","","","","","Kab. Humbang Hasundutan","Sumatera Utara","","Flores Timur","Nusa Tenggara Timur",""
"","","","","","","","","","","","","","","","","","","","","","Kab. Indragiri Hilir","Riau","","Garut","Jawa Barat",""
"","","","","","","","","","","","","","","","","","","","","","Kab. Indragiri Hulu","Riau","","Gayo Lues","Aceh",""
"","","","","","","","","","","","","","","","","","","","","","Kab. Indramayu","Jawa Barat","","Gianyar","Bali",""
"","","","","","","","","","","","","","","","","","","","","","Kab. Intan Jaya","Papua Tengah","","Gorontalo","Gorontalo",""
"","","","","","","","","","","","","","","","","","","","","","Kab. Jayapura","Papua","","Gorontalo Utara","Gorontalo",""
"","","","","","","","","","","","","","","","","","","","","","Kab. Jayawijaya","Papua Pegunungan","","Gowa","Sulawesi Selatan",""
"","","","","","","","","","","","","","","","","","","","","","Kab. Jember","Jawa Timur","","Gresik","Jawa Timur",""
"","","","","","","","","","","","","","","","","","","","","","Kab. Jembrana","Bali","","Grobogan","Jawa Tengah",""
"","","","","","","","","","","","","","","","","","","","","","Kab. Jeneponto","Sulawesi Selatan","","Gunung Mas","Kalimantan Tengah",""
"","","","","","","","","","","","","","","","","","","","","","Kab. Jepara","Jawa Tengah","","Gunungkidul","DI Yogyakarta",""
"","","","","","","","","","","","","","","","","","","","","","Kab. Jombang","Jawa Timur","","Gunungsitoli","Sumatera Utara",""
"","","","","","","","","","","","","","","","","","","","","","Kab. Kaimana","Papua Barat","","Halmahera Barat","Maluku Utara",""
"","","","","","","","","","","","","","","","","","","","","","Kab. Kampar","Riau","","Halmahera Selatan","Maluku Utara",""
"","","","","","","","","","","","","","","","","","","","","","Kab. Kapuas","Kalimantan Tengah","","Halmahera Tengah","Maluku Utara",""
"","","","","","","","","","","","","","","","","","","","","","Kab. Kapuas Hulu","Kalimantan Barat","","Halmahera Timur","Maluku Utara",""
"","","","","","","","","","","","","","","","","","","","","","Kab. Karanganyar","Jawa Tengah","","Halmahera Utara","Maluku Utara",""
"","","","","","","","","","","","","","","","","","","","","","Kab. Karangasem","Bali","","Hulu Sungai Selatan","Kalimantan Selatan",""
"","","","","","","","","","","","","","","","","","","","","","Kab. Karawang","Jawa Barat","","Hulu Sungai Tengah","Kalimantan Selatan",""
"","","","","","","","","","","","","","","","","","","","","","Kab. Karimun","Kep. Riau","","Hulu Sungai Utara","Kalimantan Selatan",""
"","","","","","","","","","","","","","","","","","","","","","Kab. Karo","Sumatera Utara","","Humbang Hasundutan","Sumatera Utara",""
"","","","","","","","","","","","","","","","","","","","","","Kab. Katingan","Kalimantan Tengah","","Indragiri Hilir","Riau",""
"","","","","","","","","","","","","","","","","","","","","","Kab. Kaur","Bengkulu","","Indragiri Hulu","Riau",""
"","","","","","","","","","","","","","","","","","","","","","Kab. Kayong Utara","Kalimantan Barat","","Indramayu","Jawa Barat",""
"","","","","","","","","","","","","","","","","","","","","","Kab. Kebumen","Jawa Tengah","","Intan Jaya","Papua Tengah",""
"","","","","","","","","","","","","","","","","","","","","","Kab. Kediri","Jawa Timur","","Jakarta Barat","DKI Jakarta",""
"","","","","","","","","","","","","","","","","","","","","","Kab. Keerom","Papua","","Jakarta Pusat","DKI Jakarta",""
"","","","","","","","","","","","","","","","","","","","","","Kab. Kendal","Jawa Tengah","","Jakarta Selatan","DKI Jakarta",""
"","","","","","","","","","","","","","","","","","","","","","Kab. Kepahiang","Bengkulu","","Jakarta Timur","DKI Jakarta",""
"","","","","","","","","","","","","","","","","","","","","","Kab. Kep. Anambas","Kep. Riau","","Jakarta Utara","DKI Jakarta",""
"","","","","","","","","","","","","","","","","","","","","","Kab. Kep. Aru","Maluku","","Jambi","Jambi",""
"","","","","","","","","","","","","","","","","","","","","","Kab. Kep. Mentawai","Sumatera Barat","","Jayapura","Papua",""
"","","","","","","","","","","","","","","","","","","","","","Kab. Kep. Meranti","Riau","","Jayawijaya","Papua Pegunungan",""
"","","","","","","","","","","","","","","","","","","","","","Kab. Kep. Sangihe","Sulawesi Utara","","Jember","Jawa Timur",""
"","","","","","","","","","","","","","","","","","","","","","Kab. Kep. Selayar","Sulawesi Selatan","","Jembrana","Bali",""
"","","","","","","","","","","","","","","","","","","","","","Kab. Kep. Siau Tagulandang Biaro","Sulawesi Utara","","Jeneponto","Sulawesi Selatan",""
"","","","","","","","","","","","","","","","","","","","","","Kab. Kep. Sula","Maluku Utara","","Jepara","Jawa Tengah",""
"","","","","","","","","","","","","","","","","","","","","","Kab. Kep. Talaud","Sulawesi Utara","","Jombang","Jawa Timur",""
"","","","","","","","","","","","","","","","","","","","","","Kab. Kep. Tanimbar","Maluku","","Kaimana","Papua Barat",""
"","","","","","","","","","","","","","","","","","","","","","Kab. Kep. Yapen","Papua","","Kampar","Riau",""
"","","","","","","","","","","","","","","","","","","","","","Kab. Kerinci","Jambi","","Kapuas","Kalimantan Tengah",""
"","","","","","","","","","","","","","","","","","","","","","Kab. Ketapang","Kalimantan Barat","","Kapuas Hulu","Kalimantan Barat",""
"","","","","","","","","","","","","","","","","","","","","","Kab. Klaten","Jawa Tengah","","Karanganyar","Jawa Tengah",""
"","","","","","","","","","","","","","","","","","","","","","Kab. Klungkung","Bali","","Karangasem","Bali",""
"","","","","","","","","","","","","","","","","","","","","","Kab. Kolaka","Sulawesi Tenggara","","Karawang","Jawa Barat",""
"","","","","","","","","","","","","","","","","","","","","","Kab. Kolaka Timur","Sulawesi Tenggara","","Karimun","Kep. Riau",""
"","","","","","","","","","","","","","","","","","","","","","Kab. Kolaka Utara","Sulawesi Tenggara","","Karo","Sumatera Utara",""
"","","","","","","","","","","","","","","","","","","","","","Kab. Konawe","Sulawesi Tenggara","","Katingan","Kalimantan Tengah",""
"","","","","","","","","","","","","","","","","","","","","","Kab. Konawe Kep.","Sulawesi Tenggara","","Kaur","Bengkulu",""
"","","","","","","","","","","","","","","","","","","","","","Kab. Konawe Selatan","Sulawesi Tenggara","","Kayong Utara","Kalimantan Barat",""
"","","","","","","","","","","","","","","","","","","","","","Kab. Konawe Utara","Sulawesi Tenggara","","Kebumen","Jawa Tengah",""
"","","","","","","","","","","","","","","","","","","","","","Kab. Kotabaru","Kalimantan Selatan","","Kediri","Jawa Timur",""
"","","","","","","","","","","","","","","","","","","","","","Kab. Kotawaringin Barat","Kalimantan Tengah","","Keerom","Papua",""
"","","","","","","","","","","","","","","","","","","","","","Kab. Kotawaringin Timur","Kalimantan Tengah","","Kendal","Jawa Tengah",""
"","","","","","","","","","","","","","","","","","","","","","Kab. Kuantan Singingi","Riau","","Kendari","Sulawesi Tenggara",""
"","","","","","","","","","","","","","","","","","","","","","Kab. Kubu Raya","Kalimantan Barat","","Kepahiang","Bengkulu",""
"","","","","","","","","","","","","","","","","","","","","","Kab. Kudus","Jawa Tengah","","Kep. Anambas","Kep. Riau",""
"","","","","","","","","","","","","","","","","","","","","","Kab. Kulon Progo","DI Yogyakarta","","Kep. Aru","Maluku",""
"","","","","","","","","","","","","","","","","","","","","","Kab. Kuningan","Jawa Barat","","Kep. Mentawai","Sumatera Barat",""
"","","","","","","","","","","","","","","","","","","","","","Kab. Kupang","Nusa Tenggara Timur","","Kep. Meranti","Riau",""
"","","","","","","","","","","","","","","","","","","","","","Kab. Kutai Barat","Kalimantan Timur","","Kep. Sangihe","Sulawesi Utara",""
"","","","","","","","","","","","","","","","","","","","","","Kab. Kutai Kartanegara","Kalimantan Timur","","Kep. Selayar","Sulawesi Selatan",""
"","","","","","","","","","","","","","","","","","","","","","Kab. Kutai Timur","Kalimantan Timur","","Kep. Seribu","DKI Jakarta",""
"","","","","","","","","","","","","","","","","","","","","","Kab. Labuhanbatu","Sumatera Utara","","Kep. Siau Tagulandang Biaro","Sulawesi Utara",""
"","","","","","","","","","","","","","","","","","","","","","Kab. Labuhanbatu Selatan","Sumatera Utara","","Kep. Sula","Maluku Utara",""
"","","","","","","","","","","","","","","","","","","","","","Kab. Labuhanbatu Utara","Sumatera Utara","","Kep. Talaud","Sulawesi Utara",""
"","","","","","","","","","","","","","","","","","","","","","Kab. Lahat","Sumatera Selatan","","Kep. Tanimbar","Maluku",""
"","","","","","","","","","","","","","","","","","","","","","Kab. Lamandau","Kalimantan Tengah","","Kep. Yapen","Papua",""
"","","","","","","","","","","","","","","","","","","","","","Kab. Lamongan","Jawa Timur","","Kerinci","Jambi",""
"","","","","","","","","","","","","","","","","","","","","","Kab. Lampung Barat","Lampung","","Ketapang","Kalimantan Barat",""
"","","","","","","","","","","","","","","","","","","","","","Kab. Lampung Selatan","Lampung","","Klaten","Jawa Tengah",""
"","","","","","","","","","","","","","","","","","","","","","Kab. Lampung Tengah","Lampung","","Klungkung","Bali",""
"","","","","","","","","","","","","","","","","","","","","","Kab. Lampung Timur","Lampung","","Kolaka","Sulawesi Tenggara",""
"","","","","","","","","","","","","","","","","","","","","","Kab. Lampung Utara","Lampung","","Kolaka Timur","Sulawesi Tenggara",""
"","","","","","","","","","","","","","","","","","","","","","Kab. Landak","Kalimantan Barat","","Kolaka Utara","Sulawesi Tenggara",""
"","","","","","","","","","","","","","","","","","","","","","Kab. Langkat","Sumatera Utara","","Konawe","Sulawesi Tenggara",""
"","","","","","","","","","","","","","","","","","","","","","Kab. Lanny Jaya","Papua Pegunungan","","Konawe Kep.","Sulawesi Tenggara",""
"","","","","","","","","","","","","","","","","","","","","","Kab. Lebak","Banten","","Konawe Selatan","Sulawesi Tenggara",""
"","","","","","","","","","","","","","","","","","","","","","Kab. Lebong","Bengkulu","","Konawe Utara","Sulawesi Tenggara",""
"","","","","","","","","","","","","","","","","","","","","","Kab. Lembata","Nusa Tenggara Timur","","Kotabaru","Kalimantan Selatan",""
"","","","","","","","","","","","","","","","","","","","","","Kab. Lima Puluh Kota","Sumatera Barat","","Kotamobagu","Sulawesi Utara",""
"","","","","","","","","","","","","","","","","","","","","","Kab. Lingga","Kep. Riau","","Kotawaringin Barat","Kalimantan Tengah",""
"","","","","","","","","","","","","","","","","","","","","","Kab. Lombok Barat","Nusa Tenggara Barat","","Kotawaringin Timur","Kalimantan Tengah",""
"","","","","","","","","","","","","","","","","","","","","","Kab. Lombok Tengah","Nusa Tenggara Barat","","Kuantan Singingi","Riau",""
"","","","","","","","","","","","","","","","","","","","","","Kab. Lombok Timur","Nusa Tenggara Barat","","Kubu Raya","Kalimantan Barat",""
"","","","","","","","","","","","","","","","","","","","","","Kab. Lombok Utara","Nusa Tenggara Barat","","Kudus","Jawa Tengah",""
"","","","","","","","","","","","","","","","","","","","","","Kab. Lumajang","Jawa Timur","","Kulon Progo","DI Yogyakarta",""
"","","","","","","","","","","","","","","","","","","","","","Kab. Luwu","Sulawesi Selatan","","Kuningan","Jawa Barat",""
"","","","","","","","","","","","","","","","","","","","","","Kab. Luwu Timur","Sulawesi Selatan","","Kupang","Nusa Tenggara Timur",""
"","","","","","","","","","","","","","","","","","","","","","Kab. Luwu Utara","Sulawesi Selatan","","Kutai Barat","Kalimantan Timur",""
"","","","","","","","","","","","","","","","","","","","","","Kab. Madiun","Jawa Timur","","Kutai Kartanegara","Kalimantan Timur",""
"","","","","","","","","","","","","","","","","","","","","","Kab. Magelang","Jawa Tengah","","Kutai Timur","Kalimantan Timur",""
"","","","","","","","","","","","","","","","","","","","","","Kab. Magetan","Jawa Timur","","Labuhanbatu","Sumatera Utara",""
"","","","","","","","","","","","","","","","","","","","","","Kab. Mahakam Ulu","Kalimantan Timur","","Labuhanbatu Selatan","Sumatera Utara",""
"","","","","","","","","","","","","","","","","","","","","","Kab. Majalengka","Jawa Barat","","Labuhanbatu Utara","Sumatera Utara",""
"","","","","","","","","","","","","","","","","","","","","","Kab. Majene","Sulawesi Barat","","Lahat","Sumatera Selatan",""
"","","","","","","","","","","","","","","","","","","","","","Kab. Malaka","Nusa Tenggara Timur","","Lamandau","Kalimantan Tengah",""
"","","","","","","","","","","","","","","","","","","","","","Kab. Malang","Jawa Timur","","Lamongan","Jawa Timur",""
"","","","","","","","","","","","","","","","","","","","","","Kab. Malinau","Kalimantan Utara","","Lampung Barat","Lampung",""
"","","","","","","","","","","","","","","","","","","","","","Kab. Maluku Barat Daya","Maluku","","Lampung Selatan","Lampung",""
"","","","","","","","","","","","","","","","","","","","","","Kab. Maluku Tengah","Maluku","","Lampung Tengah","Lampung",""
"","","","","","","","","","","","","","","","","","","","","","Kab. Maluku Tenggara","Maluku","","Lampung Timur","Lampung",""
"","","","","","","","","","","","","","","","","","","","","","Kab. Mamasa","Sulawesi Barat","","Lampung Utara","Lampung",""
"","","","","","","","","","","","","","","","","","","","","","Kab. Mamberamo Raya","Papua","","Landak","Kalimantan Barat",""
"","","","","","","","","","","","","","","","","","","","","","Kab. Mamberamo Tengah","Papua Tengah","","Langkat","Sumatera Utara",""
"","","","","","","","","","","","","","","","","","","","","","Kab. Mamuju","Sulawesi Barat","","Langsa","Aceh",""
"","","","","","","","","","","","","","","","","","","","","","Kab. Mamuju Tengah","Sulawesi Barat","","Lanny Jaya","Papua Pegunungan",""
"","","","","","","","","","","","","","","","","","","","","","Kab. Mandailing Natal","Sumatera Utara","","Lebak","Banten",""
"","","","","","","","","","","","","","","","","","","","","","Kab. Manggarai","Nusa Tenggara Timur","","Lebong","Bengkulu",""
"","","","","","","","","","","","","","","","","","","","","","Kab. Manggarai Barat","Nusa Tenggara Timur","","Lembata","Nusa Tenggara Timur",""
"","","","","","","","","","","","","","","","","","","","","","Kab. Manggarai Timur","Nusa Tenggara Timur","","Lhokseumawe","Aceh",""
"","","","","","","","","","","","","","","","","","","","","","Kab. Manokwari","Papua Barat","","Lima Puluh Kota","Sumatera Barat",""
"","","","","","","","","","","","","","","","","","","","","","Kab. Manokwari Selatan","Papua Barat","","Lingga","Kep. Riau",""
"","","","","","","","","","","","","","","","","","","","","","Kab. Mappi","Papua Selatan","","Lombok Barat","Nusa Tenggara Barat",""
"","","","","","","","","","","","","","","","","","","","","","Kab. Maros","Sulawesi Selatan","","Lombok Tengah","Nusa Tenggara Barat",""
"","","","","","","","","","","","","","","","","","","","","","Kab. Maybrat","Papua Barat Daya","","Lombok Timur","Nusa Tenggara Barat",""
"","","","","","","","","","","","","","","","","","","","","","Kab. Melawi","Kalimantan Barat","","Lombok Utara","Nusa Tenggara Barat",""
"","","","","","","","","","","","","","","","","","","","","","Kab. Mempawah","Kalimantan Barat","","Lubuk Linggau","Sumatera Selatan",""
"","","","","","","","","","","","","","","","","","","","","","Kab. Merangin","Jambi","","Lumajang","Jawa Timur",""
"","","","","","","","","","","","","","","","","","","","","","Kab. Merauke","Papua Selatan","","Luwu","Sulawesi Selatan",""
"","","","","","","","","","","","","","","","","","","","","","Kab. Mesuji","Lampung","","Luwu Timur","Sulawesi Selatan",""
"","","","","","","","","","","","","","","","","","","","","","Kab. Mimika","Papua Tengah","","Luwu Utara","Sulawesi Selatan",""
"","","","","","","","","","","","","","","","","","","","","","Kab. Minahasa","Sulawesi Utara","","Madiun","Jawa Timur",""
"","","","","","","","","","","","","","","","","","","","","","Kab. Minahasa Selatan","Sulawesi Utara","","Magelang","Jawa Tengah",""
"","","","","","","","","","","","","","","","","","","","","","Kab. Minahasa Tenggara","Sulawesi Utara","","Magetan","Jawa Timur",""
"","","","","","","","","","","","","","","","","","","","","","Kab. Minahasa Utara","Sulawesi Utara","","Mahakam Ulu","Kalimantan Timur",""
"","","","","","","","","","","","","","","","","","","","","","Kab. Mojokerto","Jawa Timur","","Majalengka","Jawa Barat",""
"","","","","","","","","","","","","","","","","","","","","","Kab. Morowali","Sulawesi Tengah","","Majene","Sulawesi Barat",""
"","","","","","","","","","","","","","","","","","","","","","Kab. Morowali Utara","Sulawesi Tengah","","Makassar","Sulawesi Selatan",""
"","","","","","","","","","","","","","","","","","","","","","Kab. Muara Enim","Sumatera Selatan","","Malaka","Nusa Tenggara Timur",""
"","","","","","","","","","","","","","","","","","","","","","Kab. Muaro Jambi","Jambi","","Malang","Jawa Timur",""
"","","","","","","","","","","","","","","","","","","","","","Kab. Mukomuko","Bengkulu","","Malinau","Kalimantan Utara",""
"","","","","","","","","","","","","","","","","","","","","","Kab. Muna","Sulawesi Tenggara","","Maluku Barat Daya","Maluku",""
"","","","","","","","","","","","","","","","","","","","","","Kab. Muna Barat","Sulawesi Tenggara","","Maluku Tengah","Maluku",""
"","","","","","","","","","","","","","","","","","","","","","Kab. Murung Raya","Kalimantan Tengah","","Maluku Tenggara","Maluku",""
"","","","","","","","","","","","","","","","","","","","","","Kab. Musi Banyuasin","Sumatera Selatan","","Mamasa","Sulawesi Barat",""
"","","","","","","","","","","","","","","","","","","","","","Kab. Musi Rawas","Sumatera Selatan","","Mamberamo Raya","Papua",""
"","","","","","","","","","","","","","","","","","","","","","Kab. Musi Rawas Utara","Sumatera Selatan","","Mamberamo Tengah","Papua Pegunungan",""
"","","","","","","","","","","","","","","","","","","","","","Kab. Nabire","Papua Tengah","","Mamuju","Sulawesi Barat",""
"","","","","","","","","","","","","","","","","","","","","","Kab. Nagan Raya","Aceh","","Mamuju Tengah","Sulawesi Barat",""
"","","","","","","","","","","","","","","","","","","","","","Kab. Nagekeo","Nusa Tenggara Timur","","Manado","Sulawesi Utara",""
"","","","","","","","","","","","","","","","","","","","","","Kab. Natuna","Kep. Riau","","Mandailing Natal","Sumatera Utara",""
"","","","","","","","","","","","","","","","","","","","","","Kab. Nduga","Papua Pegunungan","","Manggarai","Nusa Tenggara Timur",""
"","","","","","","","","","","","","","","","","","","","","","Kab. Ngada","Nusa Tenggara Timur","","Manggarai Barat","Nusa Tenggara Timur",""
"","","","","","","","","","","","","","","","","","","","","","Kab. Nganjuk","Jawa Timur","","Manggarai Timur","Nusa Tenggara Timur",""
"","","","","","","","","","","","","","","","","","","","","","Kab. Ngawi","Jawa Timur","","Manokwari","Papua Barat",""
"","","","","","","","","","","","","","","","","","","","","","Kab. Nias","Sumatera Utara","","Manokwari Selatan","Papua Barat",""
"","","","","","","","","","","","","","","","","","","","","","Kab. Nias Barat","Sumatera Utara","","Mappi","Papua Selatan",""
"","","","","","","","","","","","","","","","","","","","","","Kab. Nias Selatan","Sumatera Utara","","Maros","Sulawesi Selatan",""
"","","","","","","","","","","","","","","","","","","","","","Kab. Nias Utara","Sumatera Utara","","Mataram","Nusa Tenggara Barat",""
"","","","","","","","","","","","","","","","","","","","","","Kab. Nunukan","Kalimantan Utara","","Maybrat","Papua Barat Daya",""
"","","","","","","","","","","","","","","","","","","","","","Kab. Ogan Ilir","Sumatera Selatan","","Medan","Sumatera Utara",""
"","","","","","","","","","","","","","","","","","","","","","Kab. Ogan Komering Ilir","Sumatera Selatan","","Melawi","Kalimantan Barat",""
"","","","","","","","","","","","","","","","","","","","","","Kab. Ogan Komering Ulu","Sumatera Selatan","","Mempawah","Kalimantan Barat",""
"","","","","","","","","","","","","","","","","","","","","","Kab. Ogan Komering Ulu Selatan","Sumatera Selatan","","Merangin","Jambi",""
"","","","","","","","","","","","","","","","","","","","","","Kab. Ogan Komering Ulu Timur","Sumatera Selatan","","Merauke","Papua Selatan",""
"","","","","","","","","","","","","","","","","","","","","","Kab. Pacitan","Jawa Timur","","Mesuji","Lampung",""
"","","","","","","","","","","","","","","","","","","","","","Kab. Padang Lawas","Sumatera Utara","","Metro","Lampung",""
"","","","","","","","","","","","","","","","","","","","","","Kab. Padang Lawas Utara","Sumatera Utara","","Mimika","Papua Tengah",""
"","","","","","","","","","","","","","","","","","","","","","Kab. Padang Pariaman","Sumatera Barat","","Minahasa","Sulawesi Utara",""
"","","","","","","","","","","","","","","","","","","","","","Kab. Pakpak Bharat","Sumatera Utara","","Minahasa Selatan","Sulawesi Utara",""
"","","","","","","","","","","","","","","","","","","","","","Kab. Pamekasan","Jawa Timur","","Minahasa Tenggara","Sulawesi Utara",""
"","","","","","","","","","","","","","","","","","","","","","Kab. Pandeglang","Banten","","Minahasa Utara","Sulawesi Utara",""
"","","","","","","","","","","","","","","","","","","","","","Kab. Pangandaran","Jawa Barat","","Mojokerto","Jawa Timur",""
"","","","","","","","","","","","","","","","","","","","","","Kab. Pangkajene Dan Kep.","Sulawesi Selatan","","Morowali","Sulawesi Tengah",""
"","","","","","","","","","","","","","","","","","","","","","Kab. Paniai","Papua Tengah","","Morowali Utara","Sulawesi Tengah",""
"","","","","","","","","","","","","","","","","","","","","","Kab. Parigi Moutong","Sulawesi Tengah","","Muara Enim","Sumatera Selatan",""
"","","","","","","","","","","","","","","","","","","","","","Kab. Pasaman","Sumatera Barat","","Muaro Jambi","Jambi",""
"","","","","","","","","","","","","","","","","","","","","","Kab. Pasaman Barat","Sumatera Barat","","Mukomuko","Bengkulu",""
"","","","","","","","","","","","","","","","","","","","","","Kab. Pasangkayu","Sulawesi Barat","","Muna","Sulawesi Tenggara",""
"","","","","","","","","","","","","","","","","","","","","","Kab. Paser","Kalimantan Timur","","Muna Barat","Sulawesi Tenggara",""
"","","","","","","","","","","","","","","","","","","","","","Kab. Pasuruan","Jawa Timur","","Murung Raya","Kalimantan Tengah",""
"","","","","","","","","","","","","","","","","","","","","","Kab. Pati","Jawa Tengah","","Musi Banyuasin","Sumatera Selatan",""
"","","","","","","","","","","","","","","","","","","","","","Kab. Pegunungan Arfak","Papua Barat","","Musi Rawas","Sumatera Selatan",""
"","","","","","","","","","","","","","","","","","","","","","Kab. Pegunungan Bintang","Papua Pegunungan","","Musi Rawas Utara","Sumatera Selatan",""
"","","","","","","","","","","","","","","","","","","","","","Kab. Pekalongan","Jawa Tengah","","Nabire","Papua Tengah",""
"","","","","","","","","","","","","","","","","","","","","","Kab. Pelalawan","Riau","","Nagan Raya","Aceh",""
"","","","","","","","","","","","","","","","","","","","","","Kab. Pemalang","Jawa Tengah","","Nagekeo","Nusa Tenggara Timur",""
"","","","","","","","","","","","","","","","","","","","","","Kab. Penajam Paser Utara","Kalimantan Timur","","Natuna","Kep. Riau",""
"","","","","","","","","","","","","","","","","","","","","","Kab. Penukal Abab Lematang Ilir","Sumatera Selatan","","Nduga","Papua Pegunungan",""
"","","","","","","","","","","","","","","","","","","","","","Kab. Pesawaran","Lampung","","Ngada","Nusa Tenggara Timur",""
"","","","","","","","","","","","","","","","","","","","","","Kab. Pesisir Barat","Lampung","","Nganjuk","Jawa Timur",""
"","","","","","","","","","","","","","","","","","","","","","Kab. Pesisir Selatan","Sumatera Barat","","Ngawi","Jawa Timur",""
"","","","","","","","","","","","","","","","","","","","","","Kab. Pidie","Aceh","","Nias","Sumatera Utara",""
"","","","","","","","","","","","","","","","","","","","","","Kab. Pidie Jaya","Aceh","","Nias Barat","Sumatera Utara",""
"","","","","","","","","","","","","","","","","","","","","","Kab. Pinrang","Sulawesi Selatan","","Nias Selatan","Sumatera Utara",""
"","","","","","","","","","","","","","","","","","","","","","Kab. Pohuwato","Gorontalo","","Nias Utara","Sumatera Utara",""
"","","","","","","","","","","","","","","","","","","","","","Kab. Polewali Mandar","Sulawesi Barat","","Nunukan","Kalimantan Utara",""
"","","","","","","","","","","","","","","","","","","","","","Kab. Ponorogo","Jawa Timur","","Ogan Ilir","Sumatera Selatan",""
"","","","","","","","","","","","","","","","","","","","","","Kab. Poso","Sulawesi Tengah","","Ogan Komering Ilir","Sumatera Selatan",""
"","","","","","","","","","","","","","","","","","","","","","Kab. Pringsewu","Lampung","","Ogan Komering Ulu","Sumatera Selatan",""
"","","","","","","","","","","","","","","","","","","","","","Kab. Probolinggo","Jawa Timur","","Ogan Komering Ulu Selatan","Sumatera Selatan",""
"","","","","","","","","","","","","","","","","","","","","","Kab. Pulang Pisau","Kalimantan Tengah","","Ogan Komering Ulu Timur","Sumatera Selatan",""
"","","","","","","","","","","","","","","","","","","","","","Kab. Pulau Morotai","Maluku Utara","","Pacitan","Jawa Timur",""
"","","","","","","","","","","","","","","","","","","","","","Kab. Pulau Taliabu","Maluku Utara","","Padang","Sumatera Barat",""
"","","","","","","","","","","","","","","","","","","","","","Kab. Puncak","Papua Tengah","","Padang Lawas","Sumatera Utara",""
"","","","","","","","","","","","","","","","","","","","","","Kab. Puncak Jaya","Papua Tengah","","Padang Lawas Utara","Sumatera Utara",""
"","","","","","","","","","","","","","","","","","","","","","Kab. Purbalingga","Jawa Tengah","","Padang Panjang","Sumatera Barat",""
"","","","","","","","","","","","","","","","","","","","","","Kab. Purwakarta","Jawa Barat","","Padang Pariaman","Sumatera Barat",""
"","","","","","","","","","","","","","","","","","","","","","Kab. Purworejo","Jawa Tengah","","Padangsidimpuan","Sumatera Utara",""
"","","","","","","","","","","","","","","","","","","","","","Kab. Raja Ampat","Papua Barat Daya","","Pagar Alam","Sumatera Selatan",""
"","","","","","","","","","","","","","","","","","","","","","Kab. Rejang Lebong","Bengkulu","","Pakpak Bharat","Sumatera Utara",""
"","","","","","","","","","","","","","","","","","","","","","Kab. Rembang","Jawa Tengah","","Palangka Raya","Kalimantan Tengah",""
"","","","","","","","","","","","","","","","","","","","","","Kab. Rokan Hilir","Riau","","Palembang","Sumatera Selatan",""
"","","","","","","","","","","","","","","","","","","","","","Kab. Rokan Hulu","Riau","","Palopo","Sulawesi Selatan",""
"","","","","","","","","","","","","","","","","","","","","","Kab. Rote Ndao","Nusa Tenggara Timur","","Palu","Sulawesi Tengah",""
"","","","","","","","","","","","","","","","","","","","","","Kab. Sabu Raijua","Nusa Tenggara Timur","","Pamekasan","Jawa Timur",""
"","","","","","","","","","","","","","","","","","","","","","Kab. Sambas","Kalimantan Barat","","Pandeglang","Banten",""
"","","","","","","","","","","","","","","","","","","","","","Kab. Samosir","Sumatera Utara","","Pangandaran","Jawa Barat",""
"","","","","","","","","","","","","","","","","","","","","","Kab. Sampang","Jawa Timur","","Pangkajene Dan Kep.","Sulawesi Selatan",""
"","","","","","","","","","","","","","","","","","","","","","Kab. Sanggau","Kalimantan Barat","","Pangkalpinang","Kep. Bangka Belitung",""
"","","","","","","","","","","","","","","","","","","","","","Kab. Sarmi","Papua","","Paniai","Papua Tengah",""
"","","","","","","","","","","","","","","","","","","","","","Kab. Sarolangun","Jambi","","Parepare","Sulawesi Selatan",""
"","","","","","","","","","","","","","","","","","","","","","Kab. Sekadau","Kalimantan Barat","","Pariaman","Sumatera Barat",""
"","","","","","","","","","","","","","","","","","","","","","Kab. Seluma","Bengkulu","","Parigi Moutong","Sulawesi Tengah",""
"","","","","","","","","","","","","","","","","","","","","","Kab. Semarang","Jawa Tengah","","Pasaman","Sumatera Barat",""
"","","","","","","","","","","","","","","","","","","","","","Kab. Seram Bagian Barat","Maluku","","Pasaman Barat","Sumatera Barat",""
"","","","","","","","","","","","","","","","","","","","","","Kab. Seram Bagian Timur","Maluku","","Pasangkayu","Sulawesi Barat",""
"","","","","","","","","","","","","","","","","","","","","","Kab. Serang","Banten","","Paser","Kalimantan Timur",""
"","","","","","","","","","","","","","","","","","","","","","Kab. Serdang Bedagai","Sumatera Utara","","Pasuruan","Jawa Timur",""
"","","","","","","","","","","","","","","","","","","","","","Kab. Seruyan","Kalimantan Tengah","","Pati","Jawa Tengah",""
"","","","","","","","","","","","","","","","","","","","","","Kab. Siak","Riau","","Payakumbuh","Sumatera Barat",""
"","","","","","","","","","","","","","","","","","","","","","Kab. Sidenreng Rappang","Sulawesi Selatan","","Pegunungan Arfak","Papua Barat",""
"","","","","","","","","","","","","","","","","","","","","","Kab. Sidoarjo","Jawa Timur","","Pegunungan Bintang","Papua Pegunungan",""
"","","","","","","","","","","","","","","","","","","","","","Kab. Sigi","Sulawesi Tengah","","Pekalongan","Jawa Tengah",""
"","","","","","","","","","","","","","","","","","","","","","Kab. Sijunjung","Sumatera Barat","","Pekanbaru","Riau",""
"","","","","","","","","","","","","","","","","","","","","","Kab. Sikka","Nusa Tenggara Timur","","Pelalawan","Riau",""
"","","","","","","","","","","","","","","","","","","","","","Kab. Simalungun","Sumatera Utara","","Pemalang","Jawa Tengah",""
"","","","","","","","","","","","","","","","","","","","","","Kab. Simeulue","Aceh","","Pematangsiantar","Sumatera Utara",""
"","","","","","","","","","","","","","","","","","","","","","Kab. Sinjai","Sulawesi Selatan","","Penajam Paser Utara","Kalimantan Timur",""
"","","","","","","","","","","","","","","","","","","","","","Kab. Sintang","Kalimantan Barat","","Penukal Abab Lematang Ilir","Sumatera Selatan",""
"","","","","","","","","","","","","","","","","","","","","","Kab. Situbondo","Jawa Timur","","Pesawaran","Lampung",""
"","","","","","","","","","","","","","","","","","","","","","Kab. Sleman","DI Yogyakarta","","Pesisir Barat","Lampung",""
"","","","","","","","","","","","","","","","","","","","","","Kab. Solok","Sumatera Barat","","Pesisir Selatan","Sumatera Barat",""
"","","","","","","","","","","","","","","","","","","","","","Kab. Solok Selatan","Sumatera Barat","","Pidie","Aceh",""
"","","","","","","","","","","","","","","","","","","","","","Kab. Soppeng","Sulawesi Selatan","","Pidie Jaya","Aceh",""
"","","","","","","","","","","","","","","","","","","","","","Kab. Sorong","Papua Barat Daya","","Pinrang","Sulawesi Selatan",""
"","","","","","","","","","","","","","","","","","","","","","Kab. Sorong Selatan","Papua Barat Daya","","Pohuwato","Gorontalo",""
"","","","","","","","","","","","","","","","","","","","","","Kab. Sragen","Jawa Tengah","","Polewali Mandar","Sulawesi Barat",""
"","","","","","","","","","","","","","","","","","","","","","Kab. Subang","Jawa Barat","","Ponorogo","Jawa Timur",""
"","","","","","","","","","","","","","","","","","","","","","Kab. Sukabumi","Jawa Barat","","Pontianak","Kalimantan Barat",""
"","","","","","","","","","","","","","","","","","","","","","Kab. Sukamara","Kalimantan Tengah","","Poso","Sulawesi Tengah",""
"","","","","","","","","","","","","","","","","","","","","","Kab. Sukoharjo","Jawa Tengah","","Prabumulih","Sumatera Selatan",""
"","","","","","","","","","","","","","","","","","","","","","Kab. Sumba Barat","Nusa Tenggara Timur","","Pringsewu","Lampung",""
"","","","","","","","","","","","","","","","","","","","","","Kab. Sumba Barat Daya","Nusa Tenggara Timur","","Probolinggo","Jawa Timur",""
"","","","","","","","","","","","","","","","","","","","","","Kab. Sumba Tengah","Nusa Tenggara Timur","","Pulang Pisau","Kalimantan Tengah",""
"","","","","","","","","","","","","","","","","","","","","","Kab. Sumba Timur","Nusa Tenggara Timur","","Pulau Morotai","Maluku Utara",""
"","","","","","","","","","","","","","","","","","","","","","Kab. Sumbawa","Nusa Tenggara Barat","","Pulau Taliabu","Maluku Utara",""
"","","","","","","","","","","","","","","","","","","","","","Kab. Sumbawa Barat","Nusa Tenggara Barat","","Puncak","Papua Tengah",""
"","","","","","","","","","","","","","","","","","","","","","Kab. Sumedang","Jawa Barat","","Puncak Jaya","Papua Tengah",""
"","","","","","","","","","","","","","","","","","","","","","Kab. Sumenep","Jawa Timur","","Purbalingga","Jawa Tengah",""
"","","","","","","","","","","","","","","","","","","","","","Kab. Supiori","Papua","","Purwakarta","Jawa Barat",""
"","","","","","","","","","","","","","","","","","","","","","Kab. Tabalong","Kalimantan Selatan","","Purworejo","Jawa Tengah",""
"","","","","","","","","","","","","","","","","","","","","","Kab. Tabanan","Bali","","Raja Ampat","Papua Barat Daya",""
"","","","","","","","","","","","","","","","","","","","","","Kab. Takalar","Sulawesi Selatan","","Rejang Lebong","Bengkulu",""
"","","","","","","","","","","","","","","","","","","","","","Kab. Tambrauw","Papua Barat Daya","","Rembang","Jawa Tengah",""
"","","","","","","","","","","","","","","","","","","","","","Kab. Tana Tidung","Kalimantan Utara","","Rokan Hilir","Riau",""
"","","","","","","","","","","","","","","","","","","","","","Kab. Tana Toraja","Sulawesi Selatan","","Rokan Hulu","Riau",""
"","","","","","","","","","","","","","","","","","","","","","Kab. Tanah Bumbu","Kalimantan Selatan","","Rote Ndao","Nusa Tenggara Timur",""
"","","","","","","","","","","","","","","","","","","","","","Kab. Tanah Datar","Sumatera Barat","","Sabang","Aceh",""
"","","","","","","","","","","","","","","","","","","","","","Kab. Tanah Laut","Kalimantan Selatan","","Sabu Raijua","Nusa Tenggara Timur",""
"","","","","","","","","","","","","","","","","","","","","","Kab. Tangerang","Banten","","Salatiga","Jawa Tengah",""
"","","","","","","","","","","","","","","","","","","","","","Kab. Tanggamus","Lampung","","Samarinda","Kalimantan Timur",""
"","","","","","","","","","","","","","","","","","","","","","Kab. Tanjung Jabung Barat","Jambi","","Sambas","Kalimantan Barat",""
"","","","","","","","","","","","","","","","","","","","","","Kab. Tanjung Jabung Timur","Jambi","","Samosir","Sumatera Utara",""
"","","","","","","","","","","","","","","","","","","","","","Kab. Tapanuli Selatan","Sumatera Utara","","Sampang","Jawa Timur",""
"","","","","","","","","","","","","","","","","","","","","","Kab. Tapanuli Tengah","Sumatera Utara","","Sanggau","Kalimantan Barat",""
"","","","","","","","","","","","","","","","","","","","","","Kab. Tapanuli Utara","Sumatera Utara","","Sarmi","Papua",""
"","","","","","","","","","","","","","","","","","","","","","Kab. Tapin","Kalimantan Selatan","","Sarolangun","Jambi",""
"","","","","","","","","","","","","","","","","","","","","","Kab. Tasikmalaya","Jawa Barat","","Sawahlunto","Sumatera Barat",""
"","","","","","","","","","","","","","","","","","","","","","Kab. Tebo","Jambi","","Sekadau","Kalimantan Barat",""
"","","","","","","","","","","","","","","","","","","","","","Kab. Tegal","Jawa Tengah","","Seluma","Bengkulu",""
"","","","","","","","","","","","","","","","","","","","","","Kab. Teluk Bintuni","Papua Barat","","Semarang","Jawa Tengah",""
"","","","","","","","","","","","","","","","","","","","","","Kab. Teluk Wondama","Papua Barat","","Seram Bagian Barat","Maluku",""
"","","","","","","","","","","","","","","","","","","","","","Kab. Temanggung","Jawa Tengah","","Seram Bagian Timur","Maluku",""
"","","","","","","","","","","","","","","","","","","","","","Kab. Timor Tengah Selatan","Nusa Tenggara Timur","","Serang","Banten",""
"","","","","","","","","","","","","","","","","","","","","","Kab. Timor Tengah Utara","Nusa Tenggara Timur","","Serdang Bedagai","Sumatera Utara",""
"","","","","","","","","","","","","","","","","","","","","","Kab. Toba","Sumatera Utara","","Seruyan","Kalimantan Tengah",""
"","","","","","","","","","","","","","","","","","","","","","Kab. Tojo Una Una","Sulawesi Tengah","","Siak","Riau",""
"","","","","","","","","","","","","","","","","","","","","","Kab. Tolikara","Papua Pegunungan","","Sibolga","Sumatera Utara",""
"","","","","","","","","","","","","","","","","","","","","","Kab. Tolitoli","Sulawesi Tengah","","Sidenreng Rappang","Sulawesi Selatan",""
"","","","","","","","","","","","","","","","","","","","","","Kab. Toraja Utara","Sulawesi Selatan","","Sidoarjo","Jawa Timur",""
"","","","","","","","","","","","","","","","","","","","","","Kab. Trenggalek","Jawa Timur","","Sigi","Sulawesi Tengah",""
"","","","","","","","","","","","","","","","","","","","","","Kab. Tuban","Jawa Timur","","Sijunjung","Sumatera Barat",""
"","","","","","","","","","","","","","","","","","","","","","Kab. Tulang Bawang","Lampung","","Sikka","Nusa Tenggara Timur",""
"","","","","","","","","","","","","","","","","","","","","","Kab. Tulang Bawang Barat","Lampung","","Simalungun","Sumatera Utara",""
"","","","","","","","","","","","","","","","","","","","","","Kab. Tulungagung","Jawa Timur","","Simeulue","Aceh",""
"","","","","","","","","","","","","","","","","","","","","","Kab. Wajo","Sulawesi Selatan","","Singkawang","Kalimantan Barat",""
"","","","","","","","","","","","","","","","","","","","","","Kab. Wakatobi","Sulawesi Tenggara","","Sinjai","Sulawesi Selatan",""
"","","","","","","","","","","","","","","","","","","","","","Kab. Waropen","Papua","","Sintang","Kalimantan Barat",""
"","","","","","","","","","","","","","","","","","","","","","Kab. Way Kanan","Lampung","","Situbondo","Jawa Timur",""
"","","","","","","","","","","","","","","","","","","","","","Kab. Wonogiri","Jawa Tengah","","Sleman","DI Yogyakarta",""
"","","","","","","","","","","","","","","","","","","","","","Kab. Wonosobo","Jawa Tengah","","Solok","Sumatera Barat",""
"","","","","","","","","","","","","","","","","","","","","","Kab. Yahukimo","Papua Pegunungan","","Solok Selatan","Sumatera Barat",""
"","","","","","","","","","","","","","","","","","","","","","Kab. Yalimo","Papua Pegunungan","","Soppeng","Sulawesi Selatan",""
"","","","","","","","","","","","","","","","","","","","","","Kota Administrasi Jakarta Barat","DKI Jakarta","","Sorong","Papua Barat Daya",""
"","","","","","","","","","","","","","","","","","","","","","Kota Administrasi Jakarta Pusat","DKI Jakarta","","Sorong Selatan","Papua Barat Daya",""
"","","","","","","","","","","","","","","","","","","","","","Kota Administrasi Jakarta Selatan","DKI Jakarta","","Sragen","Jawa Tengah",""
"","","","","","","","","","","","","","","","","","","","","","Kota Administrasi Jakarta Timur","DKI Jakarta","","Subang","Jawa Barat",""
"","","","","","","","","","","","","","","","","","","","","","Kota Administrasi Jakarta Utara","DKI Jakarta","","Subulussalam","Aceh",""
"","","","","","","","","","","","","","","","","","","","","","Kota Ambon","Maluku","","Sukabumi","Jawa Barat",""
"","","","","","","","","","","","","","","","","","","","","","Kota Balikpapan","Kalimantan Timur","","Sukamara","Kalimantan Tengah",""
"","","","","","","","","","","","","","","","","","","","","","Kota Banda Aceh","Aceh","","Sukoharjo","Jawa Tengah",""
"","","","","","","","","","","","","","","","","","","","","","Kota Bandar Lampung","Lampung","","Sumba Barat","Nusa Tenggara Timur",""
"","","","","","","","","","","","","","","","","","","","","","Kota Bandung","Jawa Barat","","Sumba Barat Daya","Nusa Tenggara Timur",""
"","","","","","","","","","","","","","","","","","","","","","Kota Banjar","Jawa Barat","","Sumba Tengah","Nusa Tenggara Timur",""
"","","","","","","","","","","","","","","","","","","","","","Kota Banjarbaru","Kalimantan Selatan","","Sumba Timur","Nusa Tenggara Timur",""
"","","","","","","","","","","","","","","","","","","","","","Kota Banjarmasin","Kalimantan Selatan","","Sumbawa","Nusa Tenggara Barat",""
"","","","","","","","","","","","","","","","","","","","","","Kota Batam","Kep. Riau","","Sumbawa Barat","Nusa Tenggara Barat",""
"","","","","","","","","","","","","","","","","","","","","","Kota Batu","Jawa Timur","","Sumedang","Jawa Barat",""
"","","","","","","","","","","","","","","","","","","","","","Kota Baubau","Sulawesi Tenggara","","Sumenep","Jawa Timur",""
"","","","","","","","","","","","","","","","","","","","","","Kota Bekasi","Jawa Barat","","Sungai Penuh","Jambi",""
"","","","","","","","","","","","","","","","","","","","","","Kota Bengkulu","Bengkulu","","Supiori","Papua",""
"","","","","","","","","","","","","","","","","","","","","","Kota Bima","Nusa Tenggara Barat","","Surabaya","Jawa Timur",""
"","","","","","","","","","","","","","","","","","","","","","Kota Binjai","Sumatera Utara","","Surakarta","Jawa Tengah",""
"","","","","","","","","","","","","","","","","","","","","","Kota Bitung","Sulawesi Utara","","Tabalong","Kalimantan Selatan",""
"","","","","","","","","","","","","","","","","","","","","","Kota Blitar","Jawa Timur","","Tabanan","Bali",""
"","","","","","","","","","","","","","","","","","","","","","Kota Bogor","Jawa Barat","","Takalar","Sulawesi Selatan",""
"","","","","","","","","","","","","","","","","","","","","","Kota Bontang","Kalimantan Timur","","Tambrauw","Papua Barat Daya",""
"","","","","","","","","","","","","","","","","","","","","","Kota Bukittinggi","Sumatera Barat","","Tana Tidung","Kalimantan Utara",""
"","","","","","","","","","","","","","","","","","","","","","Kota Cilegon","Banten","","Tana Toraja","Sulawesi Selatan",""
"","","","","","","","","","","","","","","","","","","","","","Kota Cimahi","Jawa Barat","","Tanah Bumbu","Kalimantan Selatan",""
"","","","","","","","","","","","","","","","","","","","","","Kota Cirebon","Jawa Barat","","Tanah Datar","Sumatera Barat",""
"","","","","","","","","","","","","","","","","","","","","","Kota Denpasar","Bali","","Tanah Laut","Kalimantan Selatan",""
"","","","","","","","","","","","","","","","","","","","","","Kota Depok","Jawa Barat","","Tangerang","Banten",""
"","","","","","","","","","","","","","","","","","","","","","Kota Dumai","Riau","","Tangerang Selatan","Banten",""
"","","","","","","","","","","","","","","","","","","","","","Kota Gorontalo","Gorontalo","","Tanggamus","Lampung",""
"","","","","","","","","","","","","","","","","","","","","","Kota Gunungsitoli","Sumatera Utara","","Tanjung Jabung Barat","Jambi",""
"","","","","","","","","","","","","","","","","","","","","","Kota Jambi","Jambi","","Tanjung Jabung Timur","Jambi",""
"","","","","","","","","","","","","","","","","","","","","","Kota Jayapura","Papua","","Tanjungbalai","Sumatera Utara",""
"","","","","","","","","","","","","","","","","","","","","","Kota Kediri","Jawa Timur","","Tanjungpinang","Kep. Riau",""
"","","","","","","","","","","","","","","","","","","","","","Kota Kendari","Sulawesi Tenggara","","Tapanuli Selatan","Sumatera Utara",""
"","","","","","","","","","","","","","","","","","","","","","Kota Kotamobagu","Sulawesi Utara","","Tapanuli Tengah","Sumatera Utara",""
"","","","","","","","","","","","","","","","","","","","","","Kota Kupang","Nusa Tenggara Timur","","Tapanuli Utara","Sumatera Utara",""
"","","","","","","","","","","","","","","","","","","","","","Kota Langsa","Aceh","","Tapin","Kalimantan Selatan",""
"","","","","","","","","","","","","","","","","","","","","","Kota Lhokseumawe","Aceh","","Tarakan","Kalimantan Utara",""
"","","","","","","","","","","","","","","","","","","","","","Kota Lubuk Linggau","Sumatera Selatan","","Tasikmalaya","Jawa Barat",""
"","","","","","","","","","","","","","","","","","","","","","Kota Madiun","Jawa Timur","","Tebing Tinggi","Sumatera Utara",""
"","","","","","","","","","","","","","","","","","","","","","Kota Magelang","Jawa Tengah","","Tebo","Jambi",""
"","","","","","","","","","","","","","","","","","","","","","Kota Makassar","Sulawesi Selatan","","Tegal","Jawa Tengah",""
"","","","","","","","","","","","","","","","","","","","","","Kota Malang","Jawa Timur","","Teluk Bintuni","Papua Barat",""
"","","","","","","","","","","","","","","","","","","","","","Kota Manado","Sulawesi Utara","","Teluk Wondama","Papua Barat",""
"","","","","","","","","","","","","","","","","","","","","","Kota Mataram","Nusa Tenggara Barat","","Temanggung","Jawa Tengah",""
"","","","","","","","","","","","","","","","","","","","","","Kota Medan","Sumatera Utara","","Ternate","Maluku Utara",""
"","","","","","","","","","","","","","","","","","","","","","Kota Metro","Lampung","","Tidore Kep.","Maluku Utara",""
"","","","","","","","","","","","","","","","","","","","","","Kota Mojokerto","Jawa Timur","","Timor Tengah Selatan","Nusa Tenggara Timur",""
"","","","","","","","","","","","","","","","","","","","","","Kota Padang","Sumatera Barat","","Timor Tengah Utara","Nusa Tenggara Timur",""
"","","","","","","","","","","","","","","","","","","","","","Kota Padang Panjang","Sumatera Barat","","Toba","Sumatera Utara",""
"","","","","","","","","","","","","","","","","","","","","","Kota Padangsidimpuan","Sumatera Utara","","Tojo Una Una","Sulawesi Tengah",""
"","","","","","","","","","","","","","","","","","","","","","Kota Pagar Alam","Sumatera Selatan","","Tolikara","Papua Pegunungan",""
"","","","","","","","","","","","","","","","","","","","","","Kota Palangka Raya","Kalimantan Tengah","","Tolitoli","Sulawesi Tengah",""
"","","","","","","","","","","","","","","","","","","","","","Kota Palembang","Sumatera Selatan","","Tomohon","Sulawesi Utara",""
"","","","","","","","","","","","","","","","","","","","","","Kota Palopo","Sulawesi Selatan","","Toraja Utara","Sulawesi Selatan",""
"","","","","","","","","","","","","","","","","","","","","","Kota Palu","Sulawesi Tengah","","Trenggalek","Jawa Timur",""
"","","","","","","","","","","","","","","","","","","","","","Kota Pangkalpinang","Kep. Bangka Belitung","","Tual","Maluku",""
"","","","","","","","","","","","","","","","","","","","","","Kota Parepare","Sulawesi Selatan","","Tuban","Jawa Timur",""
"","","","","","","","","","","","","","","","","","","","","","Kota Pariaman","Sumatera Barat","","Tulang Bawang","Lampung",""
"","","","","","","","","","","","","","","","","","","","","","Kota Pasuruan","Jawa Timur","","Tulang Bawang Barat","Lampung",""
"","","","","","","","","","","","","","","","","","","","","","Kota Payakumbuh","Sumatera Barat","","Tulungagung","Jawa Timur",""
"","","","","","","","","","","","","","","","","","","","","","Kota Pekalongan","Jawa Tengah","","Wajo","Sulawesi Selatan",""
"","","","","","","","","","","","","","","","","","","","","","Kota Pekanbaru","Riau","","Wakatobi","Sulawesi Tenggara",""
"","","","","","","","","","","","","","","","","","","","","","Kota Pematangsiantar","Sumatera Utara","","Waropen","Papua",""
"","","","","","","","","","","","","","","","","","","","","","Kota Pontianak","Kalimantan Barat","","Way Kanan","Lampung",""
"","","","","","","","","","","","","","","","","","","","","","Kota Prabumulih","Sumatera Selatan","","Wonogiri","Jawa Tengah",""
"","","","","","","","","","","","","","","","","","","","","","Kota Probolinggo","Jawa Timur","","Wonosobo","Jawa Tengah",""
"","","","","","","","","","","","","","","","","","","","","","Kota Sabang","Aceh","","Yahukimo","Papua Pegunungan",""
"","","","","","","","","","","","","","","","","","","","","","Kota Salatiga","Jawa Tengah","","Yalimo","Papua Pegunungan",""
"","","","","","","","","","","","","","","","","","","","","","Kota Samarinda","Kalimantan Timur","","Yogyakarta","DI Yogyakarta",""
"","","","","","","","","","","","","","","","","","","","","","Kota Sawahlunto","Sumatera Barat","","","",""
"","","","","","","","","","","","","","","","","","","","","","Kota Semarang","Jawa Tengah","","","",""
"","","","","","","","","","","","","","","","","","","","","","Kota Serang","Banten","","","",""
"","","","","","","","","","","","","","","","","","","","","","Kota Sibolga","Sumatera Utara","","","",""
"","","","","","","","","","","","","","","","","","","","","","Kota Singkawang","Kalimantan Barat","","","",""
"","","","","","","","","","","","","","","","","","","","","","Kota Solok","Sumatera Barat","","","",""
"","","","","","","","","","","","","","","","","","","","","","Kota Sorong","Papua Barat Daya","","","",""
"","","","","","","","","","","","","","","","","","","","","","Kota Subulussalam","Aceh","","","",""
"","","","","","","","","","","","","","","","","","","","","","Kota Sukabumi","Jawa Barat","","","",""
"","","","","","","","","","","","","","","","","","","","","","Kota Sungai Penuh","Jambi","","","",""
"","","","","","","","","","","","","","","","","","","","","","Kota Surabaya","Jawa Timur","","","",""
"","","","","","","","","","","","","","","","","","","","","","Kota Surakarta","Jawa Tengah","","","",""
"","","","","","","","","","","","","","","","","","","","","","Kota Tangerang","Banten","","","",""
"","","","","","","","","","","","","","","","","","","","","","Kota Tangerang Selatan","Banten","","","",""
"","","","","","","","","","","","","","","","","","","","","","Kota Tanjungbalai","Sumatera Utara","","","",""
"","","","","","","","","","","","","","","","","","","","","","Kota Tanjungpinang","Kep. Riau","","","",""
"","","","","","","","","","","","","","","","","","","","","","Kota Tarakan","Kalimantan Utara","","","",""
"","","","","","","","","","","","","","","","","","","","","","Kota Tasikmalaya","Jawa Barat","","","",""
"","","","","","","","","","","","","","","","","","","","","","Kota Tebing Tinggi","Sumatera Utara","","","",""
"","","","","","","","","","","","","","","","","","","","","","Kota Tegal","Jawa Tengah","","","",""
"","","","","","","","","","","","","","","","","","","","","","Kota Ternate","Maluku Utara","","","",""
"","","","","","","","","","","","","","","","","","","","","","Kota Tidore Kep.","Maluku Utara","","","",""
"","","","","","","","","","","","","","","","","","","","","","Kota Tomohon","Sulawesi Utara","","","",""
"","","","","","","","","","","","","","","","","","","","","","Kota Tual","Maluku","","","",""
"","","","","","","","","","","","","","","","","","","","","","Kota Yogyakarta","DI Yogyakarta","","","",""