"","Pendaftaran Registrasi Atlet Keterangan Identitas Profil Dasar Catatan: ","Nama (Tanpa Gelar) Gelar Depan (Drs./Dr./Ir./Dst.) Gelar Belakang (S.Pd., M.Pd., Dst.) Nama Sertifikat Jenis Kelamin Tempat Tanggal Lahir Alamat KTP Alamat Tinggal Asal Kota/Kabupaten Alamat Asal Kota/Kabupaten Pengcab No. HP E-Mail ","Data (50 Karakter) (50 Karakter) (50 Karakter) Otomatis (Laki – Laki) (Dropdown) Tanggal/Bulan/Lahir (200 Karakter) (200 Karakter) (Dropdown) (Dropdown) (50 Karakter) (50 Karakter) ","Dokumen - - - - - - - - - - - - ","","Riwayat Event No Tambahkan Tambahkan Tambahkan Tambahkan Tambahkan Tambahkan Tambahkan Tambahkan Tambahkan Tambahkan Tambahkan Tambahkan Tambahkan Tambahkan Tambahkan Tambahkan Tambahkan Tambahkan Tambahkan","Sebagai (Dropdown) Agent (Player Agent) Ahli Hukum (Olahraga) Analis Performa Appointed Physician Asisten Pelatih Olahraga B Sample Opening Witness Chairman of Competition Management Chaperone Co-worker Data Analyst Direktur Teknis Dokter Olahraga Doping Control Officer Doping Control Official Doping Official Event Delegate Event Director Fasilitator Olahraga","Nomor (Dropdown) Indoor Beach Field Wheelchair Street ","Jenis Event (Dropdown) Single-Event Multi-Event Festival ","Tingkat (Dropdown) International International - Continental International - Regional International - Open National Province Cities/Regency ","Kepesertaan (Dropdown) Antar Negara Antar Provinsi Antar Kota/Kab Antar Universitas Antar Pelajar Antar Klub Open ","Kategori (Dropdown) Jenjang Pelajar SD/Sederajat Jenjang Pelajar SMP/Sederajat Jenjang Pelajar SMA/Sederajat Jenjang Pelajar Universitas/Sederajat Open Senior U-23 U-22 U-21 U-20 U-19 U-18 U-17 U-16 U-15 U-14 U-13 U-12","Tanggal Tgl/Bulan/Tahun Tgl/Bulan/Tahun Tgl/Bulan/Tahun ","- - - - - - - - - - - - - - - - - -","Tgl/Bulan/Tahun Tgl/Bulan/Tahun Tgl/Bulan/Tahun ","Hasil (Dropdown) Panitia Peserta Peringkat 1 Peringkat 2 Peringkat 3 Peringkat 4 Peringkat 5 Peringkat 6 Peringkat 7 Peringkat 8 Peringkat 9 Peringkat 10 Peringkat 11 Peringkat 12 Peringkat 13 Peringkat 14 Peringkat 15 Peringkat 16","Kota/Kab. Pelaksanaan (Dropdown) ","Nama Event ","Nama Tim ",""
"","1","Pastikan File Upload Dalam Kondisi Terbaca Jelas; Tidak Tertutup Pencahayaan, Lipatan ataupun kondisi yang dapat menghambat unsur keterbacaan","","","","Tambahkan","Fisiolog Olahraga","","","","","U-11","","-","","","","","",""
"","","","","","","Tambahkan","Fisioterapis","","","","","U-10","","-","","","","","",""
"","","","","","","Tambahkan","Goalkeeper Coach","","","","","","","-","","","","","",""
"","2","Apabila Terdapat Kendala, Hubungi admin: 0851-5851-9311","","","","Tambahkan","Head of Delegation","","","","","","","-","","","","","",""
"","","","","","","Tambahkan","Independent Observer","","","","","","","-","","","","","",""
"","Profil Verifikasi","","","","","Tambahkan","Instruktur","","","","","","","-","","","","","",""
"","","Pas Foto","-","(Upload File JPG)","","Tambahkan","Interpreter","","","","","","","-","","","","","",""
"","","No. Akta Lahir","(50 Karakter)","(Upload File PDF kecil)","","Tambahkan","Jurnalis Olahraga","","","","","","","-","","","","","",""
"","","No. KK","(50 Karakter)","(Upload File PDF kecil)","","Tambahkan","Konsultan Industri Olahraga","","","","","","","-","","","","","",""
"","","No. KIA","(50 Karakter)","(Upload File PDF kecil)","","Tambahkan","Liaison Officer","","","","","","","-","","","","","",""
"","","No. KTP","(50 Karakter)","(Upload File PDF kecil)","","Tambahkan","Living Assistant","","","","","","","-","","","","","",""
"","","Asuransi","","","","Tambahkan","Manajer Stadion","","","","","","","-","","","","","",""
"","","No. Asuransi Pemerintah (BPJS)","(50 Karakter)","(Upload File PDF kecil)","","Tambahkan","Marshall","","","","","","","-","","","","","",""
"","","No. Asuransi Swasta (Jika ada)","(50 Karakter)","(Upload File PDF kecil)","","Tambahkan","Media Officer","","","","","","","-","","","","","",""
"","","Ijazah (Minimal Terakhir)","","","","Tambahkan","Media Publisher","","","","","","","-","","","","","",""
"","","Nama SD-Sederajat","(50 Karakter)","(Upload File PDF kecil)","","Tambahkan","Media Representative","","","","","","","-","","","","","",""
"","","Nama SMP-Sederajat","(50 Karakter)","(Upload File PDF kecil)","","","Medis Pertandingan","","","","","","","","","","","","",""
"","","Nama SMA-Sederajat","(50 Karakter)","(Upload File PDF kecil)","","","Medis Tim","","","","","","","","","","","","",""
"","","Nama Universitas S-1","(50 Karakter)","(Upload File PDF kecil)","","","Mekanik","","","","","","","","","","","","",""
"","","Nama Universitas S-2","(50 Karakter)","(Upload File PDF kecil)","","","Nutrisionis Olahraga","","","","","","","","","","","","",""
"","","Nama Universitas S-3","(50 Karakter)","(Upload File PDF kecil)","","","Operator IT","","","","","","","","","","","","",""
"","","Pakta Integritas Usia <16 Tahun","(50 Karakter)","(Upload File PDF kecil)","","","Operator Pertandingan","","","","","","","","","","","","",""
"","","Pakta Integritas Jawa Barat","","","","","Operator Skor","","","","","","","","","","","","",""
"","Tambahkan (Max 8)","Tanggal/Bulan/Tahun","-","(Upload File PDF kecil)","","","Pelatih Ekstrakurikuler","","","","","","","","","","","","",""
"","Tambahkan (Max 8)","Tanggal/Bulan/Tahun","-","(Upload File PDF kecil)","","","Pelatih Fisik","","","","","","","","","","","","",""
"","Tambahkan (Max 8)","Tanggal/Bulan/Tahun","-","(Upload File PDF kecil)","","","Pelatih Fisik Disabilitas","","","","","","","","","","","","",""
"","Tambahkan (Max 8)","Tanggal/Bulan/Tahun","-","(Upload File PDF kecil)","","","Pelatih Kelas Khusus Olahraga","","","","","","","","","","","","",""
"","Tambahkan (Max 8)","Tanggal/Bulan/Tahun","-","(Upload File PDF kecil)","","","Pelatih Kepala di Sekolah","","","","","","","","","","","","",""
"","Tambahkan (Max 8)","Tanggal/Bulan/Tahun","-","(Upload File PDF kecil)","","","Pelatih Klub Olahraga Sekolah","","","","","","","","","","","","",""
"","Tambahkan (Max 8)","Tanggal/Bulan/Tahun","-","(Upload File PDF kecil)","","","Pelatih Mental","","","","","","","","","","","","",""
"","Tambahkan (Max 8)","Tanggal/Bulan/Tahun","-","(Upload File PDF kecil)","","","Pelatih Olahraga","","","","","","","","","","","","",""
"","","Pakta Integritas Kota/Kabupaten","","","","","Pelatih Olahraga Akademi","","","","","","","","","","","","",""
"","Tambahkan (Max 8)","Tanggal/Bulan/Tahun","-","(Upload File PDF kecil)","","","Pelatih Olahraga Disabilitas","","","","","","","","","","","","",""
"","Tambahkan (Max 8)","Tanggal/Bulan/Tahun","-","(Upload File PDF kecil)","","","Pelatih Usia Dini","","","","","","","","","","","","",""
"","Tambahkan (Max 8)","Tanggal/Bulan/Tahun","-","(Upload File PDF kecil)","","","Penilai Parameter Tes Kondisi Fisik","","","","","","","","","","","","",""
"","Tambahkan (Max 8)","Tanggal/Bulan/Tahun","-","(Upload File PDF kecil)","","","Penyuluh","","","","","","","","","","","","",""
"","Tambahkan (Max 8)","Tanggal/Bulan/Tahun","-","(Upload File PDF kecil)","","","Perawat","","","","","","","","","","","","",""
"","Tambahkan (Max 8)","Tanggal/Bulan/Tahun","-","(Upload File PDF kecil)","","","Petugas Keamanan","","","","","","","","","","","","",""
"","Tambahkan (Max 8)","Tanggal/Bulan/Tahun","-","(Upload File PDF kecil)","","","Photographer","","","","","","","","","","","","",""
"","Tambahkan (Max 8)","Tanggal/Bulan/Tahun","-","(Upload File PDF kecil)","","","Psikolog Olahraga","","","","","","","","","","","","",""
"","","Dokumen Keabsahan Mutasi","","","","","Volunteer","","","","","","","","","","","","",""
"","Tambahkan (Max 8)","Tanggal/Bulan/Tahun","-","(Upload File PDF kecil)","","","Volunteer Administrasi","","","","","","","","","","","","",""
"","Tambahkan (Max 8)","Tanggal/Bulan/Tahun","-","(Upload File PDF kecil)","","","Volunteer Event","","","","","","","","","","","","",""
"","Tambahkan (Max 8)","Tanggal/Bulan/Tahun","-","(Upload File PDF kecil)","","","Volunteer Media","","","","","","","","","","","","",""
"","Tambahkan (Max 8)","Tanggal/Bulan/Tahun","-","(Upload File PDF kecil)","","","Volunteer Medis","","","","","","","","","","","","",""
"","Tambahkan (Max 8)","Tanggal/Bulan/Tahun","-","(Upload File PDF kecil)","","","Volunteer Organisasi","","","","","","","","","","","","",""
"","Tambahkan (Max 8)","Tanggal/Bulan/Tahun","-","(Upload File PDF kecil)","","","Representative","","","","","","","","","","","","",""
"","Tambahkan (Max 8)","Tanggal/Bulan/Tahun","-","(Upload File PDF kecil)","","","Responsible Team Official","","","","","","","","","","","","",""
"","Tambahkan (Max 8)","Tanggal/Bulan/Tahun","-","(Upload File PDF kecil)","","","Sport Announcer","","","","","","","","","","","","",""
"","","","","","","","Sport Masseur","","","","","","","","","","","","",""
"","PROFIL MELATIH","Tanggal","Nama Tim","","","","Statistician Olahraga","","","","","","","","","","","","",""
"","","Club/Academy","","","","","Team Guide","","","","","","","","","","","","",""
"","Tambahkan (Max 8)","(Tanggal/Bulan/Tahun) - (Tanggal/Bulan/Tahun)","(50 Karakter)","-","","","Tenaga Kesehatan","","","","","","","","","","","","",""
"","Tambahkan (Max 8)","(Tanggal/Bulan/Tahun) - (Tanggal/Bulan/Tahun)","(50 Karakter)","-","","","Tim Medis","","","","","","","","","","","","",""
"","Tambahkan (Max 8)","(Tanggal/Bulan/Tahun) - (Tanggal/Bulan/Tahun)","(50 Karakter)","-","","","Trainer","","","","","","","","","","","","",""
"","Tambahkan (Max 8)","(Tanggal/Bulan/Tahun) - (Tanggal/Bulan/Tahun)","(50 Karakter)","-","","","Venue Director","","","","","","","","","","","","",""
"","Tambahkan (Max 8)","(Tanggal/Bulan/Tahun) - (Tanggal/Bulan/Tahun)","(50 Karakter)","-","","","Webmaster","","","","","","","","","","","","",""
"","Tambahkan (Max 8)","(Tanggal/Bulan/Tahun) - (Tanggal/Bulan/Tahun)","(50 Karakter)","-","","","Team Manager","","","","","","","","","","","","",""
"","Tambahkan (Max 8)","(Tanggal/Bulan/Tahun) - (Tanggal/Bulan/Tahun)","(50 Karakter)","-","","","Technical Delegates - Official","","","","","","","","","","","","",""
"","Tambahkan (Max 8)","(Tanggal/Bulan/Tahun) - (Tanggal/Bulan/Tahun)","(50 Karakter)","-","","","Technical Delegates - Match","","","","","","","","","","","","",""
"","","School","","","","","Technical Director","","","","","","","","","","","","",""
"","Tambahkan (Max 8)","(Tanggal/Bulan/Tahun) - (Tanggal/Bulan/Tahun)","(50 Karakter)","-","","","Tenaga Kesehatan","","","","","","","","","","","","",""
"","Tambahkan (Max 8)","(Tanggal/Bulan/Tahun) - (Tanggal/Bulan/Tahun)","(50 Karakter)","-","","","Timekeeper","","","","","","","","","","","","",""
"","Tambahkan (Max 8)","(Tanggal/Bulan/Tahun) - (Tanggal/Bulan/Tahun)","(50 Karakter)","-","","","Trainer","","","","","","","","","","","","",""
"","Tambahkan (Max 8)","(Tanggal/Bulan/Tahun) - (Tanggal/Bulan/Tahun)","(50 Karakter)","-","","","Venue Director","","","","","","","","","","","","",""
"","Tambahkan (Max 8)","(Tanggal/Bulan/Tahun) - (Tanggal/Bulan/Tahun)","(50 Karakter)","-","","","Venue Manager","","","","","","","","","","","","",""
"","Tambahkan (Max 8)","(Tanggal/Bulan/Tahun) - (Tanggal/Bulan/Tahun)","(50 Karakter)","-","","","Volunteer ","","","","","","","","","","","","",""
"","Tambahkan (Max 8)","(Tanggal/Bulan/Tahun) - (Tanggal/Bulan/Tahun)","(50 Karakter)","-","","","Volunteer Administrasi","","","","","","","","","","","","",""
"","Tambahkan (Max 8)","(Tanggal/Bulan/Tahun) - (Tanggal/Bulan/Tahun)","(50 Karakter)","-","","","Volunteer Event","","","","","","","","","","","","",""
"","","University","","","","","Volunteer Media","","","","","","","","","","","","",""
"","Tambahkan (Max 8)","(Tanggal/Bulan/Tahun) - (Tanggal/Bulan/Tahun)","(50 Karakter)","-","","","Volunteer Medis","","","","","","","","","","","","",""
"","Tambahkan (Max 8)","(Tanggal/Bulan/Tahun) - (Tanggal/Bulan/Tahun)","(50 Karakter)","-","","","Volunteer Organisasi","","","","","","","","","","","","",""
"","Tambahkan (Max 8)","(Tanggal/Bulan/Tahun) - (Tanggal/Bulan/Tahun)","(50 Karakter)","-","","","Webmaster","","","","","","","","","","","","",""
"","Tambahkan (Max 8)","(Tanggal/Bulan/Tahun) - (Tanggal/Bulan/Tahun)","(50 Karakter)","-","","","Wheelchair Handball Classifier","","","","","","","","","","","","",""
"","Tambahkan (Max 8)","(Tanggal/Bulan/Tahun) - (Tanggal/Bulan/Tahun)","(50 Karakter)","-","","","Coach","","","","","","","","","","","","",""
"","Tambahkan (Max 8)","(Tanggal/Bulan/Tahun) - (Tanggal/Bulan/Tahun)","(50 Karakter)","-","","","Competition Manager","","","","","","","","","","","","",""
"","Tambahkan (Max 8)","(Tanggal/Bulan/Tahun) - (Tanggal/Bulan/Tahun)","(50 Karakter)","-","","","Event Manager","","","","","","","","","","","","",""
"","Tambahkan (Max 8)","(Tanggal/Bulan/Tahun) - (Tanggal/Bulan/Tahun)","(50 Karakter)","-","","","Fitness Coach","","","","","","","","","","","","",""
"","","Cities/Regency","","","","","Goalkeeper Coach","","","","","","","","","","","","",""
"","Tambahkan (Max 8)","(Tanggal/Bulan/Tahun) - (Tanggal/Bulan/Tahun)","(50 Karakter)","-","","","Inspection Delegates","","","","","","","","","","","","",""
"","Tambahkan (Max 8)","(Tanggal/Bulan/Tahun) - (Tanggal/Bulan/Tahun)","(50 Karakter)","-","","","lecturers","","","","","","","","","","","","",""
"","Tambahkan (Max 8)","(Tanggal/Bulan/Tahun) - (Tanggal/Bulan/Tahun)","(50 Karakter)","-","","","Match Analysts","","","","","","","","","","","","",""
"","Tambahkan (Max 8)","(Tanggal/Bulan/Tahun) - (Tanggal/Bulan/Tahun)","(50 Karakter)","-","","","Multiplier","","","","","","","","","","","","",""
"","Tambahkan (Max 8)","(Tanggal/Bulan/Tahun) - (Tanggal/Bulan/Tahun)","(50 Karakter)","-","","","Referee","","","","","","","","","","","","",""
"","Tambahkan (Max 8)","(Tanggal/Bulan/Tahun) - (Tanggal/Bulan/Tahun)","(50 Karakter)","-","","","Referee Observers","","","","","","","","","","","","",""
"","Tambahkan (Max 8)","(Tanggal/Bulan/Tahun) - (Tanggal/Bulan/Tahun)","(50 Karakter)","-","","","Scorekeeper","","","","","","","","","","","","",""
"","Tambahkan (Max 8)","(Tanggal/Bulan/Tahun) - (Tanggal/Bulan/Tahun)","(50 Karakter)","-","","","Team Manager","","","","","","","","","","","","",""
"","","Province","","","","","Technical Delegates - Match","","","","","","","","","","","","",""
"","Tambahkan (Max 8)","(Tanggal/Bulan/Tahun) - (Tanggal/Bulan/Tahun)","(50 Karakter)","-","","","Technical Delegates - Official","","","","","","","","","","","","",""
"","Tambahkan (Max 8)","(Tanggal/Bulan/Tahun) - (Tanggal/Bulan/Tahun)","(50 Karakter)","-","","","Technical Director","","","","","","","","","","","","",""
"","Tambahkan (Max 8)","(Tanggal/Bulan/Tahun) - (Tanggal/Bulan/Tahun)","(50 Karakter)","-","","","Timekeeper","","","","","","","","","","","","",""
"","Tambahkan (Max 8)","(Tanggal/Bulan/Tahun) - (Tanggal/Bulan/Tahun)","(50 Karakter)","-","","","Venue Manager","","","","","","","","","","","","",""
"","Tambahkan (Max 8)","(Tanggal/Bulan/Tahun) - (Tanggal/Bulan/Tahun)","(50 Karakter)","-","","","Wheelchair Handball Classifier","","","","","","","","","","","","",""
"","Tambahkan (Max 8)","(Tanggal/Bulan/Tahun) - (Tanggal/Bulan/Tahun)","(50 Karakter)","-","","","Tenaga Keolahragaan","","","","","","","","","","","","",""
"","Tambahkan (Max 8)","(Tanggal/Bulan/Tahun) - (Tanggal/Bulan/Tahun)","(50 Karakter)","-","","","","","","","","","","","","","","","",""
"","Tambahkan (Max 8)","(Tanggal/Bulan/Tahun) - (Tanggal/Bulan/Tahun)","(50 Karakter)","-","","","","","","","","","","","","","","","",""
"","","National","","","","","","","","","","","","","","","","","",""
"","Tambahkan (Max 8)","(Tanggal/Bulan/Tahun) - (Tanggal/Bulan/Tahun)","(50 Karakter)","-","","","","","","","","","","","","","","","",""
"","Tambahkan (Max 8)","(Tanggal/Bulan/Tahun) - (Tanggal/Bulan/Tahun)","(50 Karakter)","-","","","","","","","","","","","","","","","",""
"","Tambahkan (Max 8)","(Tanggal/Bulan/Tahun) - (Tanggal/Bulan/Tahun)","(50 Karakter)","-","","","","","","","","","","","","","","","",""
"","Tambahkan (Max 8)","(Tanggal/Bulan/Tahun) - (Tanggal/Bulan/Tahun)","(50 Karakter)","-","","","","","","","","","","","","","","","",""
"","Tambahkan (Max 8)","(Tanggal/Bulan/Tahun) - (Tanggal/Bulan/Tahun)","(50 Karakter)","-","","","","","","","","","","","","","","","",""
"","Tambahkan (Max 8)","(Tanggal/Bulan/Tahun) - (Tanggal/Bulan/Tahun)","(50 Karakter)","-","","","","","","","","","","","","","","","",""
"","Tambahkan (Max 8)","(Tanggal/Bulan/Tahun) - (Tanggal/Bulan/Tahun)","(50 Karakter)","-","","","","","","","","","","","","","","","",""
"","Tambahkan (Max 8)","(Tanggal/Bulan/Tahun) - (Tanggal/Bulan/Tahun)","(50 Karakter)","-","","","","","","","","","","","","","","","",""
"","SPORTS: HANDBALL","","","","","","","","","","","","","","","","","","",""
"","","Number","Detail","Detail","Role","Published Date","Location","Names","","","","","","","","","","","",""
"","Tambahkan ","(Dropdown)","(Dropdown)","(Dropdown)","(Dropdown)","(Tanggal/Bulan/Tahun)","Dropdown","(50 Karakter)","","","","","","","","","","","",""
"","Tambahkan ","Indoor","International","A","Coach","","","","","","","","","","","","","","",""
"","Tambahkan ","Beach","International - Continental","B","Competition Manager","","","","","","","","","","","","","","",""
"","Tambahkan ","Field/Outdoor","International - Regional","C","Event Manager","","","","","","","","","","","","","","",""
"","Tambahkan ","Wheelchair","National - Federation/Association","D","Fitness Coach","","","","","","","","","","","","","","",""
"","Tambahkan ","","National - Province","Level 1","Goalkeeper Coach","","","","","","","","","","","","","","",""
"","Tambahkan ","","National - Cities/Regency","Level 2","Inspection Delegates","","","","","","","","","","","","","","",""
"","Tambahkan ","","","Level 3","lecturers","","","","","","","","","","","","","","",""
"","Tambahkan ","","","Mentoring","Match Analysts","","","","","","","","","","","","","","",""
"","Tambahkan ","","","Clinic/Refreshment","Multiplier","","","","","","","","","","","","","","",""
"","Tambahkan ","","","Club Management","Referee","","","","","","","","","","","","","","",""
"","Tambahkan ","","","Continental","Referee Observers","","","","","","","","","","","","","","",""
"","Tambahkan ","","","Convention","Scorekeeper","","","","","","","","","","","","","","",""
"","Tambahkan ","","","Elite Group","Team Manager","","","","","","","","","","","","","","",""
"","Tambahkan ","","","Global Coaching Clinic","Technical Delegates - Match","","","","","","","","","","","","","","",""
"","Tambahkan ","","","Global Referee Training Program","Technical Delegates - Official","","","","","","","","","","","","","","",""
"","Tambahkan ","","","Light Blue Badge","Technical Director","","","","","","","","","","","","","","",""
"","Tambahkan ","","","Prospect Group","Timekeeper","","","","","","","","","","","","","","",""
"","Tambahkan ","","","Standard Blue Badge","Venue Manager","","","","","","","","","","","","","","",""
"","Tambahkan ","","","Symposium","Wheelchair Handball Classifier","","","","","","","","","","","","","","",""
"","SPORTS: PERSONEL/PROFESSIONAL","","","","","","","","","","","","","","","","","","",""
"","","Number","Level","Detail","Role","Published Date","Location","Names","","","","","","","","","","","",""
"","Tambahkan ","(Dropdown)","(Dropdown)","(Dropdown)","(Dropdown)","(Tanggal/Bulan/Tahun)","Dropdown","(50 Karakter)","","","","","","","","","","","",""
"","Tambahkan ","Indoor","International","A","Agent (Player Agent)","","","","","","","","","","","","","","",""
"","Tambahkan ","Beach","International - Continental","B","Ahli Hukum (Olahraga)","","","","","","","","","","","","","","",""
"","Tambahkan ","Field/Outdoor","International - Regional","C","Analis Performa","","","","","","","","","","","","","","",""
"","Tambahkan ","Wheelchair","National","D","Appointed Physician","","","","","","","","","","","","","","",""
"","Tambahkan ","","National - Province","Level 1","Asisten Pelatih Olahraga","","","","","","","","","","","","","","",""
"","Tambahkan ","","National - Cities/Regency","Level 2","B Sample Opening Witness","","","","","","","","","","","","","","",""
"","Tambahkan ","","","Level 3","Chairman of Competition Management","","","","","","","","","","","","","","",""
"","Tambahkan ","","","Level 4","Chaperone","","","","","","","","","","","","","","",""
"","Tambahkan ","","","Basic","Co-worker","","","","","","","","","","","","","","",""
"","Tambahkan ","","","Beginner","Data Analyst","","","","","","","","","","","","","","",""
"","Tambahkan ","","","Advance","Direktur Teknis","","","","","","","","","","","","","","",""
"","Tambahkan ","","","Elite","Dokter Olahraga","","","","","","","","","","","","","","",""
"","Tambahkan ","","","Pro","Doping Control Officer","","","","","","","","","","","","","","",""
"","Tambahkan ","","","Pratama","Doping Control Official","","","","","","","","","","","","","","",""
"","Tambahkan ","","","Muda","Doping Official","","","","","","","","","","","","","","",""
"","Tambahkan ","","","Madya","Event Delegate","","","","","","","","","","","","","","",""
"","Tambahkan ","","","BNSP Certified","Event Director","","","","","","","","","","","","","","",""
"","Tambahkan ","","","Certified","Fasilitator Olahraga","","","","","","","","","","","","","","",""
"","Tambahkan ","","","","Fisiolog Olahraga","","","","","","","","","","","","","","",""
"","Tambahkan ","","","","Fisioterapis","","","","","","","","","","","","","","",""
"","Tambahkan ","","","","Goalkeeper Coach","","","","","","","","","","","","","","",""
"","Tambahkan ","","","","Head of Delegation","","","","","","","","","","","","","","",""
"","Tambahkan ","","","","Independent Observer","","","","","","","","","","","","","","",""
"","Tambahkan ","","","","Instruktur","","","","","","","","","","","","","","",""
"","Tambahkan ","","","","Interpreter","","","","","","","","","","","","","","",""
"","Tambahkan ","","","","Jurnalis Olahraga","","","","","","","","","","","","","","",""
"","Tambahkan ","","","","Konsultan Industri Olahraga","","","","","","","","","","","","","","",""
"","Tambahkan ","","","","Liaison Officer","","","","","","","","","","","","","","",""
"","Tambahkan ","","","","Living Assistant","","","","","","","","","","","","","","",""
"","Tambahkan ","","","","Manajer Stadion","","","","","","","","","","","","","","",""
"","Tambahkan ","","","","Marshall","","","","","","","","","","","","","","",""
"","Tambahkan ","","","","Media Officer","","","","","","","","","","","","","","",""
"","Tambahkan ","","","","Media Publisher","","","","","","","","","","","","","","",""
"","Tambahkan ","","","","Media Representative","","","","","","","","","","","","","","",""
"","Tambahkan ","","","","Medis Pertandingan","","","","","","","","","","","","","","",""
"","Tambahkan ","","","","Medis Tim","","","","","","","","","","","","","","",""
"","Tambahkan ","","","","Mekanik","","","","","","","","","","","","","","",""
"","Tambahkan ","","","","Nutrisionis Olahraga","","","","","","","","","","","","","","",""
"","Tambahkan ","","","","Operator IT","","","","","","","","","","","","","","",""
"","Tambahkan ","","","","Operator Pertandingan","","","","","","","","","","","","","","",""
"","Tambahkan ","","","","Operator Skor","","","","","","","","","","","","","","",""
"","Tambahkan ","","","","Pelatih Ekstrakurikuler","","","","","","","","","","","","","","",""
"","Tambahkan ","","","","Pelatih Fisik","","","","","","","","","","","","","","",""
"","Tambahkan ","","","","Pelatih Fisik Disabilitas","","","","","","","","","","","","","","",""
"","Tambahkan ","","","","Pelatih Kelas Khusus Olahraga","","","","","","","","","","","","","","",""
"","Tambahkan ","","","","Pelatih Kepala di Sekolah","","","","","","","","","","","","","","",""
"","Tambahkan ","","","","Pelatih Klub Olahraga Sekolah","","","","","","","","","","","","","","",""
"","Tambahkan ","","","","Pelatih Mental","","","","","","","","","","","","","","",""
"","Tambahkan ","","","","Pelatih Olahraga","","","","","","","","","","","","","","",""
"","Tambahkan ","","","","Pelatih Olahraga Akademi","","","","","","","","","","","","","","",""
"","Tambahkan ","","","","Pelatih Olahraga Disabilitas","","","","","","","","","","","","","","",""
"","Tambahkan ","","","","Pelatih Usia Dini","","","","","","","","","","","","","","",""
"","Tambahkan ","","","","Penilai Parameter Tes Kondisi Fisik","","","","","","","","","","","","","","",""
"","Tambahkan ","","","","Penyuluh","","","","","","","","","","","","","","",""
"","Tambahkan ","","","","Perawat","","","","","","","","","","","","","","",""
"","Tambahkan ","","","","Petugas Keamanan","","","","","","","","","","","","","","",""
"","Tambahkan ","","","","Photographer","","","","","","","","","","","","","","",""
"","Tambahkan ","","","","Psikolog Olahraga","","","","","","","","","","","","","","",""
"","Tambahkan ","","","","Volunteer","","","","","","","","","","","","","","",""
"","Tambahkan ","","","","Volunteer Administrasi","","","","","","","","","","","","","","",""
"","Tambahkan ","","","","Volunteer Event","","","","","","","","","","","","","","",""
"","Tambahkan ","","","","Volunteer Media","","","","","","","","","","","","","","",""
"","Tambahkan ","","","","Volunteer Medis","","","","","","","","","","","","","","",""
"","Tambahkan ","","","","Volunteer Organisasi","","","","","","","","","","","","","","",""
"","Tambahkan ","","","","Representative","","","","","","","","","","","","","","",""
"","Tambahkan ","","","","Responsible Team Official","","","","","","","","","","","","","","",""
"","Tambahkan ","","","","Sport Announcer","","","","","","","","","","","","","","",""
"","Tambahkan ","","","","Sport Masseur","","","","","","","","","","","","","","",""
"","Tambahkan ","","","","Statistician Olahraga","","","","","","","","","","","","","","",""
"","Tambahkan ","","","","Team Guide","","","","","","","","","","","","","","",""
"","Tambahkan ","","","","Tenaga Kesehatan","","","","","","","","","","","","","","",""
"","Tambahkan ","","","","Trainer","","","","","","","","","","","","","","",""
"","Tambahkan ","","","","Venue Director","","","","","","","","","","","","","","",""
"","Tambahkan ","","","","Webmaster","","","","","","","","","","","","","","",""
"","Tambahkan ","","","","Technical Delegates - Official","","","","","","","","","","","","","","",""
"","Tambahkan ","","","","Technical Delegates - Match","","","","","","","","","","","","","","",""
"","Tambahkan ","","","","Technical Director","","","","","","","","","","","","","","",""
"","Tambahkan ","","","","Tenaga Kesehatan","","","","","","","","","","","","","","",""
"","Tambahkan ","","","","Tim Medis","","","","","","","","","","","","","","",""
"","Tambahkan ","","","","Timekeeper","","","","","","","","","","","","","","",""
"","Tambahkan ","","","","Trainer","","","","","","","","","","","","","","",""
"","Tambahkan ","","","","Venue Director","","","","","","","","","","","","","","",""
"","Tambahkan ","","","","Venue Manager","","","","","","","","","","","","","","",""
"","Tambahkan ","","","","Volunteer ","","","","","","","","","","","","","","",""
"","Tambahkan ","","","","Volunteer Administrasi","","","","","","","","","","","","","","",""
"","Tambahkan ","","","","Volunteer Event","","","","","","","","","","","","","","",""
"","Tambahkan ","","","","Volunteer Media","","","","","","","","","","","","","","",""
"","Tambahkan ","","","","Volunteer Medis","","","","","","","","","","","","","","",""
"","Tambahkan ","","","","Volunteer Organisasi","","","","","","","","","","","","","","",""
"","Tambahkan ","","","","Webmaster","","","","","","","","","","","","","","",""
"","Tambahkan ","","","","Wheelchair Handball Classifier","","","","","","","","","","","","","","",""
"","Tambahkan ","","","","Tenaga Keolahragaan","","","","","","","","","","","","","","",""
"","Tambahkan ","","","","","","","","","","","","","","","","","","",""
"","Tambahkan ","","","","","","","","","","","","","","","","","","",""