"","DROPDOWN KOTA/KAB ALAMAT KTP dan ASAL PENGCAB","","","DROPDOWN KELAHIRAN","","","No","Handball/Umum","Kelompok Status","Nama Profesi","Sumber","","","","","","","","","",""
"","Kab. / Kota","Provinsi","","Kab. / Kota","Provinsi","","1","Handball","ABTI Official","Independent Observer","Anti-Doping Rules (14 Feb 2025), Art. 5.7","","","","","","","","","",""
"","","","","","","","2","Handball","ABTI Official","Multiplier","Coaching Education Regulations (12 Agu 2023), Art. 4 (Multiplier Licence)","","","","","","","","","",""
"1","Kab. Aceh Barat","Aceh","","Aceh Barat","Aceh","","3","Handball","ABTI Official","Lecturers","Coaching Education Regulations (12 Agu 2023), Art. 6","","","","","","","","","",""
"2","Kab. Aceh Barat Daya","Aceh","","Aceh Barat Daya","Aceh","","4","Handball","ABTI Official","Doping Official","List of Duties (Sep 2007), appendix (Anti-doping)","","","","","","","","","",""
"3","Kab. Aceh Besar","Aceh","","Aceh Besar","Aceh","","5","Handball","ABTI Official","Co-worker","List of Duties (Sep 2007), point 2.1","","","","","","","","","",""
"4","Kab. Aceh Jaya","Aceh","","Aceh Jaya","Aceh","","6","Handball","ABTI Official","Chairman of Competition Management","List of Duties (Sep 2007), point 3.6","","","","","","","","","",""
"5","Kab. Aceh Selatan","Aceh","","Aceh Selatan","Aceh","","7","Handball","ABTI Official","Event Delegate","Regulasi Kompetisi IHF (21 Agu 2024), I.1.5","","","","","","","","","",""
"6","Kab. Aceh Singkil","Aceh","","Aceh Singkil","Aceh","","8","Handball","ABTI Official","Fitness Coach","Regulasi Kompetisi IHF (21 Agu 2024), I.1.5","","","","","","","","","",""
"7","Kab. Aceh Tamiang","Aceh","","Aceh Tamiang","Aceh","","9","Handball","ABTI Official","Inspection Delegates","Regulasi Kompetisi IHF (21 Agu 2024), I.1.5","","","","","","","","","",""
"8","Kab. Aceh Tengah","Aceh","","Aceh Tengah","Aceh","","10","Handball","ABTI Official","Match Analysts","Regulasi Kompetisi IHF (21 Agu 2024), I.1.5","","","","","","","","","",""
"9","Kab. Aceh Tenggara","Aceh","","Aceh Tenggara","Aceh","","11","Handball","ABTI Official","Referee","Regulasi Kompetisi IHF (21 Agu 2024), I.1.5","","","","","","","","","",""
"10","Kab. Aceh Timur","Aceh","","Aceh Timur","Aceh","","12","Handball","ABTI Official","Referee Observers","Regulasi Kompetisi IHF (21 Agu 2024), I.1.5","","","","","","","","","",""
"11","Kab. Aceh Utara","Aceh","","Aceh Utara","Aceh","","13","Handball","ABTI Official","Representative","Regulasi Kompetisi IHF (21 Agu 2024), I.1.5","","","","","","","","","",""
"12","Kab. Administrasi Kep. Seribu","DKI Jakarta","","Agam","Sumatera Barat","","14","Handball","ABTI Official","Technical Delegates Official","Regulasi Kompetisi IHF (21 Agu 2024), I.1.5","","","","","","","","","",""
"13","Kab. Agam","Sumatera Barat","","Alor","Nusa Tenggara Timur","","15","Handball","ABTI Official","Technical Director","Regulasi Kompetisi IHF (21 Agu 2024), I.1.5","","","","","","","","","",""
"14","Kab. Alor","Nusa Tenggara Timur","","Ambon","Maluku","","16","Handball","ABTI Official","Competition Manager","Regulasi Kompetisi IHF (21 Agu 2024), I.1.6 & II.1.1","","","","","","","","","",""
"15","Kab. Asahan","Sumatera Utara","","Asahan","Sumatera Utara","","17","Handball","ABTI Official","Wheelchair Handball Classifier","Wheelchair Handball Rules (19 Feb 2021), Six-a-Side Art. 1","","","","","","","","","",""
"16","Kab. Asmat","Papua Selatan","","Asmat","Papua Selatan","","18","Handball","ABTI Official","Media Representative","Media Regulations (Sep 2007), point 1.2 & 2.6","","","","","","","","","",""
"17","Kab. Badung","Bali","","Badung","Bali","","19","Handball","ABTI Official","Appointed Physician","Player Eligibility Code (21 Des 2025), Art. 7.4.1","","","","","","","","","",""
"18","Kab. Balangan","Kalimantan Selatan","","Balangan","Kalimantan Selatan","","20","Handball","ABTI Official","Doping Control Officer","Anti-Doping Rules (14 Feb 2025), definisi & Art. 20.8","","","","","","","","","",""
"19","Kab. Bandung","Jawa Barat","","Balikpapan","Kalimantan Timur","","21","Handball","Match Official","Doping Control Official","Anti-Doping Rules (14 Feb 2025), Art. 20.8, 21.7","","","","","","","","","",""
"20","Kab. Bandung Barat","Jawa Barat","","Banda Aceh","Aceh","","22","Handball","Match Official","B Sample Opening Witness","Anti-Doping Rules (14 Feb 2025), Art. 3.2.3 & comment","","","","","","","","","",""
"21","Kab. Banggai","Sulawesi Tengah","","Bandar Lampung","Lampung","","23","Handball","Match Official","Chaperone","Anti-Doping Rules (14 Feb 2025), definisi Delegated Third Party","","","","","","","","","",""
"22","Kab. Banggai Kep.","Sulawesi Tengah","","Bandung","Jawa Barat","","24","Handball","Match Official","Operator Pertandingan","Regulasi Kompetisi IHF (21 Agu 2024), I.3.4.1","","","","","","","","","",""
"23","Kab. Banggai Laut","Sulawesi Tengah","","Bandung Barat","Jawa Barat","","25","Handball","Match Official","Operator Skor","Regulasi Kompetisi IHF (21 Agu 2024), I.3.4.1","","","","","","","","","",""
"24","Kab. Bangka","Kep. Bangka Belitung","","Banggai","Sulawesi Tengah","","26","Handball","Match Official","Scorekeeper","Regulasi Kompetisi IHF (21 Agu 2024), I.3.4.1","","","","","","","","","",""
"25","Kab. Bangka Barat","Kep. Bangka Belitung","","Banggai Kep.","Sulawesi Tengah","","27","Handball","Match Official","Technical Delegates Match","Regulasi Kompetisi IHF (21 Agu 2024), I.3.4.1","","","","","","","","","",""
"26","Kab. Bangka Selatan","Kep. Bangka Belitung","","Banggai Laut","Sulawesi Tengah","","28","Handball","Match Official","Timekeeper","Regulasi Kompetisi IHF (21 Agu 2024), I.3.4.1","","","","","","","","","",""
"27","Kab. Bangka Tengah","Kep. Bangka Belitung","","Bangka","Kep. Bangka Belitung","","29","Handball","Team Official","Goalkeeper Coach","Coaching Education Regulations (12 Agu 2023), Art. 4 (Goalkeeper Coach)","","","","","","","","","",""
"28","Kab. Bangkalan","Jawa Timur","","Bangka Barat","Kep. Bangka Belitung","","30","Handball","Team Official","Team Guide","Regulasi Kompetisi IHF (21 Agu 2024), I.1.4","","","","","","","","","",""
"29","Kab. Bangli","Bali","","Bangka Selatan","Kep. Bangka Belitung","","31","Handball","Team Official","Coach","Regulasi Kompetisi IHF (21 Agu 2024), I.3.2.2","","","","","","","","","",""
"30","Kab. Banjar","Kalimantan Selatan","","Bangka Tengah","Kep. Bangka Belitung","","32","Handball","Team Official","Team Manager","Regulasi Kompetisi IHF (21 Agu 2024), I.3.2.2 (sebagai fungsi)","","","","","","","","","",""
"31","Kab. Banjarnegara","Jawa Tengah","","Bangkalan","Jawa Timur","","33","Handball","Team Official","Responsible Team Official","Rules of the Game Indoor (1 Jul 2022), Rule 4:2","","","","","","","","","",""
"32","Kab. Bantaeng","Sulawesi Selatan","","Bangli","Bali","","34","Umum","Agency Official","Instruktur","Coaching Education Regulations (12 Agu 2023), Art. 6 (lecturer sebagai instruktur)","","","","","","","","","",""
"33","Kab. Bantul","DI Yogyakarta","","Banjar","Kalimantan Selatan","","35","Umum","Agency Official","Fasilitator Olahraga","Daftar umum","","","","","","","","","",""
"34","Kab. Banyuasin","Sumatera Selatan","","Banjar","Jawa Barat","","36","Umum","Agency Official","Konsultan Industri Olahraga","Daftar umum","","","","","","","","","",""
"35","Kab. Banyumas","Jawa Tengah","","Banjarbaru","Kalimantan Selatan","","37","Umum","Agency Official","Penyuluh","Daftar umum","","","","","","","","","",""
"36","Kab. Banyuwangi","Jawa Timur","","Banjarmasin","Kalimantan Selatan","","38","Umum","Agency Official","Ahli Hukum (Olahraga)","Daftar umum (luar regulasi IHF)","","","","","","","","","",""
"37","Kab. Barito Kuala","Kalimantan Selatan","","Banjarnegara","Jawa Tengah","","39","Umum","Event Officer","Liaison Officer","Media Regulations (Sep 2007), 2.1 (media liaison officer)","","","","","","","","","",""
"38","Kab. Barito Selatan","Kalimantan Tengah","","Bantaeng","Sulawesi Selatan","","40","Umum","Event Official","Interpreter","Media Regulations (Sep 2007), point 2.4","","","","","","","","","",""
"39","Kab. Barito Timur","Kalimantan Tengah","","Bantul","DI Yogyakarta","","41","Umum","Match Official","Medis Pertandingan","Regulasi Kompetisi IHF (21 Agu 2024), I.3.5 (medical care)","","","","","","","","","",""
"40","Kab. Barito Utara","Kalimantan Tengah","","Banyuasin","Sumatera Selatan","","42","Umum","Media Official","Media Publisher","Daftar umum","","","","","","","","","",""
"41","Kab. Barru","Sulawesi Selatan","","Banyumas","Jawa Tengah","","43","Umum","Media Official","Jurnalis Olahraga","Media Regulations (Sep 2007), 1.1","","","","","","","","","",""
"42","Kab. Batang","Jawa Tengah","","Banyuwangi","Jawa Timur","","44","Umum","Media Official","Photographer","Media Regulations (Sep 2007), point 1.1, 2.3, 3.2.1","","","","","","","","","",""
"43","Kab. Batanghari","Jambi","","Barito Kuala","Kalimantan Selatan","","45","Umum","Media Official","Webmaster","Media Regulations (Sep 2007), point 3.2.1","","","","","","","","","",""
"44","Kab. Batu Bara","Sumatera Utara","","Barito Selatan","Kalimantan Tengah","","46","Umum","Media Official","Sport Announcer","Regulasi Kompetisi IHF (21 Agu 2024), I.3.4.1","","","","","","","","","",""
"45","Kab. Bekasi","Jawa Barat","","Barito Timur","Kalimantan Tengah","","47","Umum","Media Official","Media Officer","Regulasi Kompetisi IHF (21 Agu 2024), II.4.6.2","","","","","","","","","",""
"46","Kab. Belitung","Kep. Bangka Belitung","","Barito Utara","Kalimantan Tengah","","48","Umum","Organizer Official","Manajer Stadion","Daftar umum","","","","","","","","","",""
"47","Kab. Belitung Timur","Kep. Bangka Belitung","","Barru","Sulawesi Selatan","","49","Umum","Organizer Official","Petugas Keamanan","List of Duties (Sep 2007), appendix (security)","","","","","","","","","",""
"48","Kab. Belu","Nusa Tenggara Timur","","Batam","Kep. Riau","","50","Umum","Organizer Official","Marshall","List of Duties (Sep 2007), point 3 (venue staff)","","","","","","","","","",""
"49","Kab. Bener Meriah","Aceh","","Batang","Jawa Tengah","","51","Umum","Organizer Official","Event Director","Regulasi Kompetisi IHF (21 Agu 2024), II.4.6.1","","","","","","","","","",""
"50","Kab. Bengkalis","Riau","","Batanghari","Jambi","","52","Umum","Organizer Official","Event Manager","Regulasi Kompetisi IHF (21 Agu 2024), II.4.6.1","","","","","","","","","",""
"51","Kab. Bengkayang","Kalimantan Barat","","Batu","Jawa Timur","","53","Umum","Organizer Official","Venue Manager","Regulasi Kompetisi IHF (21 Agu 2024), VII.4","","","","","","","","","",""
"52","Kab. Bengkulu Selatan","Bengkulu","","Batu Bara","Sumatera Utara","","54","Umum","Organizer Official","Venue Director","Regulasi Kompetisi IHF (21 Agu 2024), VII.4 (venue manager)","","","","","","","","","",""
"53","Kab. Bengkulu Tengah","Bengkulu","","Baubau","Sulawesi Tenggara","","55","Umum","Organizer Official","Mekanik","Daftar umum","","","","","","","","","",""
"54","Kab. Bengkulu Utara","Bengkulu","","Bekasi","Jawa Barat","","56","Umum","Organizer Official","Operator IT","Daftar umum","","","","","","","","","",""
"55","Kab. Berau","Kalimantan Timur","","Belitung","Kep. Bangka Belitung","","57","Umum","Team Official","Pelatih Olahraga","Coaching Education Regulations (12 Agu 2023)","","","","","","","","","",""
"56","Kab. Biak Numfor","Papua","","Belitung Timur","Kep. Bangka Belitung","","58","Umum","Team Official","Pelatih Kepala di Sekolah","Coaching Education Regulations (12 Agu 2023), Handball@School","","","","","","","","","",""
"57","Kab. Bima","Nusa Tenggara Barat","","Belu","Nusa Tenggara Timur","","59","Umum","Team Official","Pelatih Fisik","Coaching Education Regulations (12 Agu 2023), level D","","","","","","","","","",""
"58","Kab. Bintan","Kep. Riau","","Bener Meriah","Aceh","","60","Umum","Team Official","Pelatih Usia Dini","Coaching Education Regulations (12 Agu 2023), level D untuk anak","","","","","","","","","",""
"59","Kab. Bireuen","Aceh","","Bengkalis","Riau","","61","Umum","Team Official","Analis Performa","Daftar umum","","","","","","","","","",""
"60","Kab. Blitar","Jawa Timur","","Bengkayang","Kalimantan Barat","","62","Umum","Team Official","Data Analyst","Daftar umum","","","","","","","","","",""
"61","Kab. Blora","Jawa Tengah","","Bengkulu","Bengkulu","","63","Umum","Team Official","Fisiolog Olahraga","Daftar umum","","","","","","","","","",""
"62","Kab. Boalemo","Gorontalo","","Bengkulu Selatan","Bengkulu","","64","Umum","Team Official","Living Assistant","Daftar umum","","","","","","","","","",""
"63","Kab. Bogor","Jawa Barat","","Bengkulu Tengah","Bengkulu","","65","Umum","Team Official","Nutrisionis Olahraga","Daftar umum","","","","","","","","","",""
"64","Kab. Bojonegoro","Jawa Timur","","Bengkulu Utara","Bengkulu","","66","Umum","Team Official","Pelatih Ekstrakurikuler","Daftar umum","","","","","","","","","",""
"65","Kab. Bolaang Mongondow","Sulawesi Utara","","Berau","Kalimantan Timur","","67","Umum","Team Official","Pelatih Fisik Disabilitas","Daftar umum","","","","","","","","","",""
"66","Kab. Bolaang Mongondow Selatan","Sulawesi Utara","","Biak Numfor","Papua","","68","Umum","Team Official","Pelatih Kelas Khusus Olahraga","Daftar umum","","","","","","","","","",""
"67","Kab. Bolaang Mongondow Timur","Sulawesi Utara","","Bima","Nusa Tenggara Barat","","69","Umum","Team Official","Pelatih Mental","Daftar umum","","","","","","","","","",""
"68","Kab. Bolaang Mongondow Utara","Sulawesi Utara","","Binjai","Sumatera Utara","","70","Umum","Team Official","Pelatih Olahraga Disabilitas","Daftar umum","","","","","","","","","",""
"69","Kab. Bombana","Sulawesi Tenggara","","Bintan","Kep. Riau","","71","Umum","Team Official","Psikolog Olahraga","Daftar umum","","","","","","","","","",""
"70","Kab. Bondowoso","Jawa Timur","","Bireuen","Aceh","","72","Umum","Team Official","Pelatih Klub Olahraga Sekolah","Ibid.","","","","","","","","","",""
"71","Kab. Bone","Sulawesi Selatan","","Bitung","Sulawesi Utara","","73","Umum","Team Official","Pelatih Olahraga Akademi","Ibid.","","","","","","","","","",""
"72","Kab. Bone Bolango","Gorontalo","","Blitar","Jawa Timur","","74","Umum","Team Official","Agent (Player Agent)","Player Eligibility Code (21 Des 2025), definisi ""Player Support Personnel""","","","","","","","","","",""
"73","Kab. Boven Digoel","Papua Selatan","","Blora","Jawa Tengah","","75","Umum","Team Official","Trainer","Player Eligibility Code (21 Des 2025), definisi Player Support Personnel","","","","","","","","","",""
"74","Kab. Boyolali","Jawa Tengah","","Boalemo","Gorontalo","","76","Umum","Team Official","Direktur Teknis","Regulasi Kompetisi IHF (21 Agu 2024), I.1.5 (Technical Director)","","","","","","","","","",""
"75","Kab. Brebes","Jawa Tengah","","Bogor","Jawa Barat","","77","Umum","Team Official","Asisten Pelatih Olahraga","Regulasi Kompetisi IHF (21 Agu 2024), I.3.2.2","","","","","","","","","",""
"76","Kab. Buleleng","Bali","","Bojonegoro","Jawa Timur","","78","Umum","Team Official","Dokter Olahraga","Regulasi Kompetisi IHF (21 Agu 2024), I.3.2.2","","","","","","","","","",""
"77","Kab. Bulukumba","Sulawesi Selatan","","Bolaang Mongondow","Sulawesi Utara","","79","Umum","Team Official","Fisioterapis","Regulasi Kompetisi IHF (21 Agu 2024), I.3.2.2","","","","","","","","","",""
"78","Kab. Bulungan","Kalimantan Utara","","Bolaang Mongondow Selatan","Sulawesi Utara","","80","Umum","Team Official","Sport Masseur","Regulasi Kompetisi IHF (21 Agu 2024), I.3.2.2 (physiotherapist/masseur)","","","","","","","","","",""
"79","Kab. Bungo","Jambi","","Bolaang Mongondow Timur","Sulawesi Utara","","81","Umum","Team Official","Tenaga Kesehatan","Regulasi Kompetisi IHF (21 Agu 2024), I.3.5","","","","","","","","","",""
"80","Kab. Buol","Sulawesi Tengah","","Bolaang Mongondow Utara","Sulawesi Utara","","82","Umum","Team Official","Tim Medis","Regulasi Kompetisi IHF (21 Agu 2024), I.3.5","","","","","","","","","",""
"81","Kab. Buru","Maluku","","Bombana","Sulawesi Tenggara","","83","Umum","Team Official","Perawat","Regulasi Kompetisi IHF (21 Agu 2024), I.3.5 (medical staff)","","","","","","","","","",""
"82","Kab. Buru Selatan","Maluku","","Bondowoso","Jawa Timur","","84","Umum","Team Official","Statistician Olahraga","Regulasi Kompetisi IHF (21 Agu 2024), I.3.6","","","","","","","","","",""
"83","Kab. Buton","Sulawesi Tenggara","","Bone","Sulawesi Selatan","","85","Umum","Team Official","Head of Delegation","Regulasi Kompetisi IHF (21 Agu 2024), II.4.5.2","","","","","","","","","",""
"84","Kab. Buton Selatan","Sulawesi Tenggara","","Bone Bolango","Gorontalo","","86","Umum","Volunteer","Volunteer Medis","Ibid.","","","","","","","","","",""
"85","Kab. Buton Tengah","Sulawesi Tenggara","","Bontang","Kalimantan Timur","","87","Umum","Volunteer","Volunteer Organisasi","Ibid.","","","","","","","","","",""
"86","Kab. Buton Utara","Sulawesi Tenggara","","Boven Digoel","Papua Selatan","","88","Umum","Volunteer","Volunteer Event","Regulasi Kompetisi IHF (21 Agu 2024), butir umum","","","","","","","","","",""
"87","Kab. Ciamis","Jawa Barat","","Boyolali","Jawa Tengah","","89","Umum","Volunteer","Volunteer Media","Regulasi Kompetisi IHF (21 Agu 2024), butir umum","","","","","","","","","",""
"88","Kab. Cianjur","Jawa Barat","","Brebes","Jawa Tengah","","90","Umum","Volunteer","Volunteer Administrasi","Regulasi Kompetisi IHF (21 Agu 2024), butir umum","","","","","","","","","",""
"89","Kab. Cilacap","Jawa Tengah","","Bukittinggi","Sumatera Barat","","91","Umum","Volunteer","Volunteer","Regulasi Kompetisi IHF (21 Agu 2024), butir umum","","","","","","","","","",""
"90","Kab. Cirebon","Jawa Barat","","Buleleng","Bali","","92","Umum","Team Official","Data Analyst","Daftar umum (ditambahkan)","","","","","","","","","",""
"91","Kab. Dairi","Sumatera Utara","","Bulukumba","Sulawesi Selatan","","93","Umum","Team Official","Direktur Teknis","Regulasi Kompetisi IHF (21 Agu 2024), I.1.5 (sudah ada di no.15, ditambahkan sebagai entri terpisah)","","","","","","","","","",""
"92","Kab. Deiyai","Papua Tengah","","Bulungan","Kalimantan Utara","","94","Umum","Team Official","Head of Delegation","Regulasi Kompetisi IHF (21 Agu 2024), II.4.5.2 (sudah ada di no.86, ditambahkan sebagai entri terpisah)","","","","","","","","","",""
"93","Kab. Deli Serdang","Sumatera Utara","","Bungo","Jambi","","95","Umum","Team Official","Statistician Olahraga","Regulasi Kompetisi IHF (21 Agu 2024), I.3.6 (sudah ada di no.85, ditambahkan sebagai entri terpisah)","","","","","","","","","",""
"94","Kab. Demak","Jawa Tengah","","Buol","Sulawesi Tengah","","96","Umum","Agency Official","Penilai Parameter Tes Kondisi Fisik","Daftar umum (ditambahkan)","","","","","","","","","",""
"95","Kab. Dharmasraya","Sumatera Barat","","Buru","Maluku","","97","Umum","Team Official","Tenaga Keolahragaan","Daftar umum (ditambahkan)","","","","","","","","","",""
"96","Kab. Dogiyai","Papua Tengah","","Buru Selatan","Maluku","","","","","","","","","","","","","","","",""
"97","Kab. Dompu","Nusa Tenggara Barat","","Buton","Sulawesi Tenggara","","","","","","","","","","","","","","","",""
"98","Kab. Donggala","Sulawesi Tengah","","Buton Selatan","Sulawesi Tenggara","","","","","","","","","","","","","","","",""
"99","Kab. Empat Lawang","Sumatera Selatan","","Buton Tengah","Sulawesi Tenggara","","","","","","","","","","","","","","","",""
"100","Kab. Ende","Nusa Tenggara Timur","","Buton Utara","Sulawesi Tenggara","","","","","","","","","","","","","","","",""
"101","Kab. Enrekang","Sulawesi Selatan","","Ciamis","Jawa Barat","","","","","","","","","","","","","","","",""
"102","Kab. Fakfak","Papua Barat","","Cianjur","Jawa Barat","","","","","","","","","","","","","","","",""
"103","Kab. Flores Timur","Nusa Tenggara Timur","","Cilacap","Jawa Tengah","","","","","","","","","","","","","","","",""
"104","Kab. Garut","Jawa Barat","","Cilegon","Banten","","","","","","","","","","","","","","","",""
"105","Kab. Gayo Lues","Aceh","","Cimahi","Jawa Barat","","","","","","","","","","","","","","","",""
"106","Kab. Gianyar","Bali","","Cirebon","Jawa Barat","","","","","","","","","","","","","","","",""
"107","Kab. Gorontalo","Gorontalo","","Dairi","Sumatera Utara","","","","","","","","","","","","","","","",""
"108","Kab. Gorontalo Utara","Gorontalo","","Deiyai","Papua Tengah","","","","","","","","","","","","","","","",""
"109","Kab. Gowa","Sulawesi Selatan","","Deli Serdang","Sumatera Utara","","","","","","","","","","","","","","","",""
"110","Kab. Gresik","Jawa Timur","","Demak","Jawa Tengah","","","","","","","","","","","","","","","",""
"111","Kab. Grobogan","Jawa Tengah","","Denpasar","Bali","","","","","","","","","","","","","","","",""
"112","Kab. Gunung Mas","Kalimantan Tengah","","Depok","Jawa Barat","","","","","","","","","","","","","","","",""
"113","Kab. Gunungkidul","DI Yogyakarta","","Dharmasraya","Sumatera Barat","","","","","","","","","","","","","","","",""
"114","Kab. Halmahera Barat","Maluku Utara","","Dogiyai","Papua Tengah","","","","","","","","","","","","","","","",""
"115","Kab. Halmahera Selatan","Maluku Utara","","Dompu","Nusa Tenggara Barat","","","","","","","","","","","","","","","",""
"116","Kab. Halmahera Tengah","Maluku Utara","","Donggala","Sulawesi Tengah","","","","","","","","","","","","","","","",""
"117","Kab. Halmahera Timur","Maluku Utara","","Dumai","Riau","","","","","","","","","","","","","","","",""
"118","Kab. Halmahera Utara","Maluku Utara","","Empat Lawang","Sumatera Selatan","","","","","","","","","","","","","","","",""
"119","Kab. Hulu Sungai Selatan","Kalimantan Selatan","","Ende","Nusa Tenggara Timur","","","","","","","","","","","","","","","",""
"120","Kab. Hulu Sungai Tengah","Kalimantan Selatan","","Enrekang","Sulawesi Selatan","","","","","","","","","","","","","","","",""
"121","Kab. Hulu Sungai Utara","Kalimantan Selatan","","Fakfak","Papua Barat","","","","","","","","","","","","","","","",""
"122","Kab. Humbang Hasundutan","Sumatera Utara","","Flores Timur","Nusa Tenggara Timur","","","","","","","","","","","","","","","",""
"123","Kab. Indragiri Hilir","Riau","","Garut","Jawa Barat","","","","","","","","","","","","","","","",""
"124","Kab. Indragiri Hulu","Riau","","Gayo Lues","Aceh","","","","","","","","","","","","","","","",""
"125","Kab. Indramayu","Jawa Barat","","Gianyar","Bali","","","","","","","","","","","","","","","",""
"126","Kab. Intan Jaya","Papua Tengah","","Gorontalo","Gorontalo","","","","","","","","","","","","","","","",""
"127","Kab. Jayapura","Papua","","Gorontalo Utara","Gorontalo","","","","","","","","","","","","","","","",""
"128","Kab. Jayawijaya","Papua Pegunungan","","Gowa","Sulawesi Selatan","","","","","","","","","","","","","","","",""
"129","Kab. Jember","Jawa Timur","","Gresik","Jawa Timur","","","","","","","","","","","","","","","",""
"130","Kab. Jembrana","Bali","","Grobogan","Jawa Tengah","","","","","","","","","","","","","","","",""
"131","Kab. Jeneponto","Sulawesi Selatan","","Gunung Mas","Kalimantan Tengah","","","","","","","","","","","","","","","",""
"132","Kab. Jepara","Jawa Tengah","","Gunungkidul","DI Yogyakarta","","","","","","","","","","","","","","","",""
"133","Kab. Jombang","Jawa Timur","","Gunungsitoli","Sumatera Utara","","","","","","","","","","","","","","","",""
"134","Kab. Kaimana","Papua Barat","","Halmahera Barat","Maluku Utara","","","","","","","","","","","","","","","",""
"135","Kab. Kampar","Riau","","Halmahera Selatan","Maluku Utara","","","","","","","","","","","","","","","",""
"136","Kab. Kapuas","Kalimantan Tengah","","Halmahera Tengah","Maluku Utara","","","","","","","","","","","","","","","",""
"137","Kab. Kapuas Hulu","Kalimantan Barat","","Halmahera Timur","Maluku Utara","","","","","","","","","","","","","","","",""
"138","Kab. Karanganyar","Jawa Tengah","","Halmahera Utara","Maluku Utara","","","","","","","","","","","","","","","",""
"139","Kab. Karangasem","Bali","","Hulu Sungai Selatan","Kalimantan Selatan","","","","","","","","","","","","","","","",""
"140","Kab. Karawang","Jawa Barat","","Hulu Sungai Tengah","Kalimantan Selatan","","","","","","","","","","","","","","","",""
"141","Kab. Karimun","Kep. Riau","","Hulu Sungai Utara","Kalimantan Selatan","","","","","","","","","","","","","","","",""
"142","Kab. Karo","Sumatera Utara","","Humbang Hasundutan","Sumatera Utara","","","","","","","","","","","","","","","",""
"143","Kab. Katingan","Kalimantan Tengah","","Indragiri Hilir","Riau","","","","","","","","","","","","","","","",""
"144","Kab. Kaur","Bengkulu","","Indragiri Hulu","Riau","","","","","","","","","","","","","","","",""
"145","Kab. Kayong Utara","Kalimantan Barat","","Indramayu","Jawa Barat","","","","","","","","","","","","","","","",""
"146","Kab. Kebumen","Jawa Tengah","","Intan Jaya","Papua Tengah","","","","","","","","","","","","","","","",""
"147","Kab. Kediri","Jawa Timur","","Jakarta Barat","DKI Jakarta","","","","","","","","","","","","","","","",""
"148","Kab. Keerom","Papua","","Jakarta Pusat","DKI Jakarta","","","","","","","","","","","","","","","",""
"149","Kab. Kendal","Jawa Tengah","","Jakarta Selatan","DKI Jakarta","","","","","","","","","","","","","","","",""
"150","Kab. Kepahiang","Bengkulu","","Jakarta Timur","DKI Jakarta","","","","","","","","","","","","","","","",""
"151","Kab. Kep. Anambas","Kep. Riau","","Jakarta Utara","DKI Jakarta","","","","","","","","","","","","","","","",""
"152","Kab. Kep. Aru","Maluku","","Jambi","Jambi","","","","","","","","","","","","","","","",""
"153","Kab. Kep. Mentawai","Sumatera Barat","","Jayapura","Papua","","","","","","","","","","","","","","","",""
"154","Kab. Kep. Meranti","Riau","","Jayawijaya","Papua Pegunungan","","","","","","","","","","","","","","","",""
"155","Kab. Kep. Sangihe","Sulawesi Utara","","Jember","Jawa Timur","","","","","","","","","","","","","","","",""
"156","Kab. Kep. Selayar","Sulawesi Selatan","","Jembrana","Bali","","","","","","","","","","","","","","","",""
"157","Kab. Kep. Siau Tagulandang Biaro","Sulawesi Utara","","Jeneponto","Sulawesi Selatan","","","","","","","","","","","","","","","",""
"158","Kab. Kep. Sula","Maluku Utara","","Jepara","Jawa Tengah","","","","","","","","","","","","","","","",""
"159","Kab. Kep. Talaud","Sulawesi Utara","","Jombang","Jawa Timur","","","","","","","","","","","","","","","",""
"160","Kab. Kep. Tanimbar","Maluku","","Kaimana","Papua Barat","","","","","","","","","","","","","","","",""
"161","Kab. Kep. Yapen","Papua","","Kampar","Riau","","","","","","","","","","","","","","","",""
"162","Kab. Kerinci","Jambi","","Kapuas","Kalimantan Tengah","","","","","","","","","","","","","","","",""
"163","Kab. Ketapang","Kalimantan Barat","","Kapuas Hulu","Kalimantan Barat","","","","","","","","","","","","","","","",""
"164","Kab. Klaten","Jawa Tengah","","Karanganyar","Jawa Tengah","","","","","","","","","","","","","","","",""
"165","Kab. Klungkung","Bali","","Karangasem","Bali","","","","","","","","","","","","","","","",""
"166","Kab. Kolaka","Sulawesi Tenggara","","Karawang","Jawa Barat","","","","","","","","","","","","","","","",""
"167","Kab. Kolaka Timur","Sulawesi Tenggara","","Karimun","Kep. Riau","","","","","","","","","","","","","","","",""
"168","Kab. Kolaka Utara","Sulawesi Tenggara","","Karo","Sumatera Utara","","","","","","","","","","","","","","","",""
"169","Kab. Konawe","Sulawesi Tenggara","","Katingan","Kalimantan Tengah","","","","","","","","","","","","","","","",""
"170","Kab. Konawe Kep.","Sulawesi Tenggara","","Kaur","Bengkulu","","","","","","","","","","","","","","","",""
"171","Kab. Konawe Selatan","Sulawesi Tenggara","","Kayong Utara","Kalimantan Barat","","","","","","","","","","","","","","","",""
"172","Kab. Konawe Utara","Sulawesi Tenggara","","Kebumen","Jawa Tengah","","","","","","","","","","","","","","","",""
"173","Kab. Kotabaru","Kalimantan Selatan","","Kediri","Jawa Timur","","","","","","","","","","","","","","","",""
"174","Kab. Kotawaringin Barat","Kalimantan Tengah","","Keerom","Papua","","","","","","","","","","","","","","","",""
"175","Kab. Kotawaringin Timur","Kalimantan Tengah","","Kendal","Jawa Tengah","","","","","","","","","","","","","","","",""
"176","Kab. Kuantan Singingi","Riau","","Kendari","Sulawesi Tenggara","","","","","","","","","","","","","","","",""
"177","Kab. Kubu Raya","Kalimantan Barat","","Kepahiang","Bengkulu","","","","","","","","","","","","","","","",""
"178","Kab. Kudus","Jawa Tengah","","Kep. Anambas","Kep. Riau","","","","","","","","","","","","","","","",""
"179","Kab. Kulon Progo","DI Yogyakarta","","Kep. Aru","Maluku","","","","","","","","","","","","","","","",""
"180","Kab. Kuningan","Jawa Barat","","Kep. Mentawai","Sumatera Barat","","","","","","","","","","","","","","","",""
"181","Kab. Kupang","Nusa Tenggara Timur","","Kep. Meranti","Riau","","","","","","","","","","","","","","","",""
"182","Kab. Kutai Barat","Kalimantan Timur","","Kep. Sangihe","Sulawesi Utara","","","","","","","","","","","","","","","",""
"183","Kab. Kutai Kartanegara","Kalimantan Timur","","Kep. Selayar","Sulawesi Selatan","","","","","","","","","","","","","","","",""
"184","Kab. Kutai Timur","Kalimantan Timur","","Kep. Seribu","DKI Jakarta","","","","","","","","","","","","","","","",""
"185","Kab. Labuhanbatu","Sumatera Utara","","Kep. Siau Tagulandang Biaro","Sulawesi Utara","","","","","","","","","","","","","","","",""
"186","Kab. Labuhanbatu Selatan","Sumatera Utara","","Kep. Sula","Maluku Utara","","","","","","","","","","","","","","","",""
"187","Kab. Labuhanbatu Utara","Sumatera Utara","","Kep. Talaud","Sulawesi Utara","","","","","","","","","","","","","","","",""
"188","Kab. Lahat","Sumatera Selatan","","Kep. Tanimbar","Maluku","","","","","","","","","","","","","","","",""
"189","Kab. Lamandau","Kalimantan Tengah","","Kep. Yapen","Papua","","","","","","","","","","","","","","","",""
"190","Kab. Lamongan","Jawa Timur","","Kerinci","Jambi","","","","","","","","","","","","","","","",""
"191","Kab. Lampung Barat","Lampung","","Ketapang","Kalimantan Barat","","","","","","","","","","","","","","","",""
"192","Kab. Lampung Selatan","Lampung","","Klaten","Jawa Tengah","","","","","","","","","","","","","","","",""
"193","Kab. Lampung Tengah","Lampung","","Klungkung","Bali","","","","","","","","","","","","","","","",""
"194","Kab. Lampung Timur","Lampung","","Kolaka","Sulawesi Tenggara","","","","","","","","","","","","","","","",""
"195","Kab. Lampung Utara","Lampung","","Kolaka Timur","Sulawesi Tenggara","","","","","","","","","","","","","","","",""
"196","Kab. Landak","Kalimantan Barat","","Kolaka Utara","Sulawesi Tenggara","","","","","","","","","","","","","","","",""
"197","Kab. Langkat","Sumatera Utara","","Konawe","Sulawesi Tenggara","","","","","","","","","","","","","","","",""
"198","Kab. Lanny Jaya","Papua Pegunungan","","Konawe Kep.","Sulawesi Tenggara","","","","","","","","","","","","","","","",""
"199","Kab. Lebak","Banten","","Konawe Selatan","Sulawesi Tenggara","","","","","","","","","","","","","","","",""
"200","Kab. Lebong","Bengkulu","","Konawe Utara","Sulawesi Tenggara","","","","","","","","","","","","","","","",""
"201","Kab. Lembata","Nusa Tenggara Timur","","Kotabaru","Kalimantan Selatan","","","","","","","","","","","","","","","",""
"202","Kab. Lima Puluh Kota","Sumatera Barat","","Kotamobagu","Sulawesi Utara","","","","","","","","","","","","","","","",""
"203","Kab. Lingga","Kep. Riau","","Kotawaringin Barat","Kalimantan Tengah","","","","","","","","","","","","","","","",""
"204","Kab. Lombok Barat","Nusa Tenggara Barat","","Kotawaringin Timur","Kalimantan Tengah","","","","","","","","","","","","","","","",""
"205","Kab. Lombok Tengah","Nusa Tenggara Barat","","Kuantan Singingi","Riau","","","","","","","","","","","","","","","",""
"206","Kab. Lombok Timur","Nusa Tenggara Barat","","Kubu Raya","Kalimantan Barat","","","","","","","","","","","","","","","",""
"207","Kab. Lombok Utara","Nusa Tenggara Barat","","Kudus","Jawa Tengah","","","","","","","","","","","","","","","",""
"208","Kab. Lumajang","Jawa Timur","","Kulon Progo","DI Yogyakarta","","","","","","","","","","","","","","","",""
"209","Kab. Luwu","Sulawesi Selatan","","Kuningan","Jawa Barat","","","","","","","","","","","","","","","",""
"210","Kab. Luwu Timur","Sulawesi Selatan","","Kupang","Nusa Tenggara Timur","","","","","","","","","","","","","","","",""
"211","Kab. Luwu Utara","Sulawesi Selatan","","Kutai Barat","Kalimantan Timur","","","","","","","","","","","","","","","",""
"212","Kab. Madiun","Jawa Timur","","Kutai Kartanegara","Kalimantan Timur","","","","","","","","","","","","","","","",""
"213","Kab. Magelang","Jawa Tengah","","Kutai Timur","Kalimantan Timur","","","","","","","","","","","","","","","",""
"214","Kab. Magetan","Jawa Timur","","Labuhanbatu","Sumatera Utara","","","","","","","","","","","","","","","",""
"215","Kab. Mahakam Ulu","Kalimantan Timur","","Labuhanbatu Selatan","Sumatera Utara","","","","","","","","","","","","","","","",""
"216","Kab. Majalengka","Jawa Barat","","Labuhanbatu Utara","Sumatera Utara","","","","","","","","","","","","","","","",""
"217","Kab. Majene","Sulawesi Barat","","Lahat","Sumatera Selatan","","","","","","","","","","","","","","","",""
"218","Kab. Malaka","Nusa Tenggara Timur","","Lamandau","Kalimantan Tengah","","","","","","","","","","","","","","","",""
"219","Kab. Malang","Jawa Timur","","Lamongan","Jawa Timur","","","","","","","","","","","","","","","",""
"220","Kab. Malinau","Kalimantan Utara","","Lampung Barat","Lampung","","","","","","","","","","","","","","","",""
"221","Kab. Maluku Barat Daya","Maluku","","Lampung Selatan","Lampung","","","","","","","","","","","","","","","",""
"222","Kab. Maluku Tengah","Maluku","","Lampung Tengah","Lampung","","","","","","","","","","","","","","","",""
"223","Kab. Maluku Tenggara","Maluku","","Lampung Timur","Lampung","","","","","","","","","","","","","","","",""
"224","Kab. Mamasa","Sulawesi Barat","","Lampung Utara","Lampung","","","","","","","","","","","","","","","",""
"225","Kab. Mamberamo Raya","Papua","","Landak","Kalimantan Barat","","","","","","","","","","","","","","","",""
"226","Kab. Mamberamo Tengah","Papua Tengah","","Langkat","Sumatera Utara","","","","","","","","","","","","","","","",""
"227","Kab. Mamuju","Sulawesi Barat","","Langsa","Aceh","","","","","","","","","","","","","","","",""
"228","Kab. Mamuju Tengah","Sulawesi Barat","","Lanny Jaya","Papua Pegunungan","","","","","","","","","","","","","","","",""
"229","Kab. Mandailing Natal","Sumatera Utara","","Lebak","Banten","","","","","","","","","","","","","","","",""
"230","Kab. Manggarai","Nusa Tenggara Timur","","Lebong","Bengkulu","","","","","","","","","","","","","","","",""
"231","Kab. Manggarai Barat","Nusa Tenggara Timur","","Lembata","Nusa Tenggara Timur","","","","","","","","","","","","","","","",""
"232","Kab. Manggarai Timur","Nusa Tenggara Timur","","Lhokseumawe","Aceh","","","","","","","","","","","","","","","",""
"233","Kab. Manokwari","Papua Barat","","Lima Puluh Kota","Sumatera Barat","","","","","","","","","","","","","","","",""
"234","Kab. Manokwari Selatan","Papua Barat","","Lingga","Kep. Riau","","","","","","","","","","","","","","","",""
"235","Kab. Mappi","Papua Selatan","","Lombok Barat","Nusa Tenggara Barat","","","","","","","","","","","","","","","",""
"236","Kab. Maros","Sulawesi Selatan","","Lombok Tengah","Nusa Tenggara Barat","","","","","","","","","","","","","","","",""
"237","Kab. Maybrat","Papua Barat Daya","","Lombok Timur","Nusa Tenggara Barat","","","","","","","","","","","","","","","",""
"238","Kab. Melawi","Kalimantan Barat","","Lombok Utara","Nusa Tenggara Barat","","","","","","","","","","","","","","","",""
"239","Kab. Mempawah","Kalimantan Barat","","Lubuk Linggau","Sumatera Selatan","","","","","","","","","","","","","","","",""
"240","Kab. Merangin","Jambi","","Lumajang","Jawa Timur","","","","","","","","","","","","","","","",""
"241","Kab. Merauke","Papua Selatan","","Luwu","Sulawesi Selatan","","","","","","","","","","","","","","","",""
"242","Kab. Mesuji","Lampung","","Luwu Timur","Sulawesi Selatan","","","","","","","","","","","","","","","",""
"243","Kab. Mimika","Papua Tengah","","Luwu Utara","Sulawesi Selatan","","","","","","","","","","","","","","","",""
"244","Kab. Minahasa","Sulawesi Utara","","Madiun","Jawa Timur","","","","","","","","","","","","","","","",""
"245","Kab. Minahasa Selatan","Sulawesi Utara","","Magelang","Jawa Tengah","","","","","","","","","","","","","","","",""
"246","Kab. Minahasa Tenggara","Sulawesi Utara","","Magetan","Jawa Timur","","","","","","","","","","","","","","","",""
"247","Kab. Minahasa Utara","Sulawesi Utara","","Mahakam Ulu","Kalimantan Timur","","","","","","","","","","","","","","","",""
"248","Kab. Mojokerto","Jawa Timur","","Majalengka","Jawa Barat","","","","","","","","","","","","","","","",""
"249","Kab. Morowali","Sulawesi Tengah","","Majene","Sulawesi Barat","","","","","","","","","","","","","","","",""
"250","Kab. Morowali Utara","Sulawesi Tengah","","Makassar","Sulawesi Selatan","","","","","","","","","","","","","","","",""
"251","Kab. Muara Enim","Sumatera Selatan","","Malaka","Nusa Tenggara Timur","","","","","","","","","","","","","","","",""
"252","Kab. Muaro Jambi","Jambi","","Malang","Jawa Timur","","","","","","","","","","","","","","","",""
"253","Kab. Mukomuko","Bengkulu","","Malinau","Kalimantan Utara","","","","","","","","","","","","","","","",""
"254","Kab. Muna","Sulawesi Tenggara","","Maluku Barat Daya","Maluku","","","","","","","","","","","","","","","",""
"255","Kab. Muna Barat","Sulawesi Tenggara","","Maluku Tengah","Maluku","","","","","","","","","","","","","","","",""
"256","Kab. Murung Raya","Kalimantan Tengah","","Maluku Tenggara","Maluku","","","","","","","","","","","","","","","",""
"257","Kab. Musi Banyuasin","Sumatera Selatan","","Mamasa","Sulawesi Barat","","","","","","","","","","","","","","","",""
"258","Kab. Musi Rawas","Sumatera Selatan","","Mamberamo Raya","Papua","","","","","","","","","","","","","","","",""
"259","Kab. Musi Rawas Utara","Sumatera Selatan","","Mamberamo Tengah","Papua Pegunungan","","","","","","","","","","","","","","","",""
"260","Kab. Nabire","Papua Tengah","","Mamuju","Sulawesi Barat","","","","","","","","","","","","","","","",""
"261","Kab. Nagan Raya","Aceh","","Mamuju Tengah","Sulawesi Barat","","","","","","","","","","","","","","","",""
"262","Kab. Nagekeo","Nusa Tenggara Timur","","Manado","Sulawesi Utara","","","","","","","","","","","","","","","",""
"263","Kab. Natuna","Kep. Riau","","Mandailing Natal","Sumatera Utara","","","","","","","","","","","","","","","",""
"264","Kab. Nduga","Papua Pegunungan","","Manggarai","Nusa Tenggara Timur","","","","","","","","","","","","","","","",""
"265","Kab. Ngada","Nusa Tenggara Timur","","Manggarai Barat","Nusa Tenggara Timur","","","","","","","","","","","","","","","",""
"266","Kab. Nganjuk","Jawa Timur","","Manggarai Timur","Nusa Tenggara Timur","","","","","","","","","","","","","","","",""
"267","Kab. Ngawi","Jawa Timur","","Manokwari","Papua Barat","","","","","","","","","","","","","","","",""
"268","Kab. Nias","Sumatera Utara","","Manokwari Selatan","Papua Barat","","","","","","","","","","","","","","","",""
"269","Kab. Nias Barat","Sumatera Utara","","Mappi","Papua Selatan","","","","","","","","","","","","","","","",""
"270","Kab. Nias Selatan","Sumatera Utara","","Maros","Sulawesi Selatan","","","","","","","","","","","","","","","",""
"271","Kab. Nias Utara","Sumatera Utara","","Mataram","Nusa Tenggara Barat","","","","","","","","","","","","","","","",""
"272","Kab. Nunukan","Kalimantan Utara","","Maybrat","Papua Barat Daya","","","","","","","","","","","","","","","",""
"273","Kab. Ogan Ilir","Sumatera Selatan","","Medan","Sumatera Utara","","","","","","","","","","","","","","","",""
"274","Kab. Ogan Komering Ilir","Sumatera Selatan","","Melawi","Kalimantan Barat","","","","","","","","","","","","","","","",""
"275","Kab. Ogan Komering Ulu","Sumatera Selatan","","Mempawah","Kalimantan Barat","","","","","","","","","","","","","","","",""
"276","Kab. Ogan Komering Ulu Selatan","Sumatera Selatan","","Merangin","Jambi","","","","","","","","","","","","","","","",""
"277","Kab. Ogan Komering Ulu Timur","Sumatera Selatan","","Merauke","Papua Selatan","","","","","","","","","","","","","","","",""
"278","Kab. Pacitan","Jawa Timur","","Mesuji","Lampung","","","","","","","","","","","","","","","",""
"279","Kab. Padang Lawas","Sumatera Utara","","Metro","Lampung","","","","","","","","","","","","","","","",""
"280","Kab. Padang Lawas Utara","Sumatera Utara","","Mimika","Papua Tengah","","","","","","","","","","","","","","","",""
"281","Kab. Padang Pariaman","Sumatera Barat","","Minahasa","Sulawesi Utara","","","","","","","","","","","","","","","",""
"282","Kab. Pakpak Bharat","Sumatera Utara","","Minahasa Selatan","Sulawesi Utara","","","","","","","","","","","","","","","",""
"283","Kab. Pamekasan","Jawa Timur","","Minahasa Tenggara","Sulawesi Utara","","","","","","","","","","","","","","","",""
"284","Kab. Pandeglang","Banten","","Minahasa Utara","Sulawesi Utara","","","","","","","","","","","","","","","",""
"285","Kab. Pangandaran","Jawa Barat","","Mojokerto","Jawa Timur","","","","","","","","","","","","","","","",""
"286","Kab. Pangkajene Dan Kep.","Sulawesi Selatan","","Morowali","Sulawesi Tengah","","","","","","","","","","","","","","","",""
"287","Kab. Paniai","Papua Tengah","","Morowali Utara","Sulawesi Tengah","","","","","","","","","","","","","","","",""
"288","Kab. Parigi Moutong","Sulawesi Tengah","","Muara Enim","Sumatera Selatan","","","","","","","","","","","","","","","",""
"289","Kab. Pasaman","Sumatera Barat","","Muaro Jambi","Jambi","","","","","","","","","","","","","","","",""
"290","Kab. Pasaman Barat","Sumatera Barat","","Mukomuko","Bengkulu","","","","","","","","","","","","","","","",""
"291","Kab. Pasangkayu","Sulawesi Barat","","Muna","Sulawesi Tenggara","","","","","","","","","","","","","","","",""
"292","Kab. Paser","Kalimantan Timur","","Muna Barat","Sulawesi Tenggara","","","","","","","","","","","","","","","",""
"293","Kab. Pasuruan","Jawa Timur","","Murung Raya","Kalimantan Tengah","","","","","","","","","","","","","","","",""
"294","Kab. Pati","Jawa Tengah","","Musi Banyuasin","Sumatera Selatan","","","","","","","","","","","","","","","",""
"295","Kab. Pegunungan Arfak","Papua Barat","","Musi Rawas","Sumatera Selatan","","","","","","","","","","","","","","","",""
"296","Kab. Pegunungan Bintang","Papua Pegunungan","","Musi Rawas Utara","Sumatera Selatan","","","","","","","","","","","","","","","",""
"297","Kab. Pekalongan","Jawa Tengah","","Nabire","Papua Tengah","","","","","","","","","","","","","","","",""
"298","Kab. Pelalawan","Riau","","Nagan Raya","Aceh","","","","","","","","","","","","","","","",""
"299","Kab. Pemalang","Jawa Tengah","","Nagekeo","Nusa Tenggara Timur","","","","","","","","","","","","","","","",""
"300","Kab. Penajam Paser Utara","Kalimantan Timur","","Natuna","Kep. Riau","","","","","","","","","","","","","","","",""
"301","Kab. Penukal Abab Lematang Ilir","Sumatera Selatan","","Nduga","Papua Pegunungan","","","","","","","","","","","","","","","",""
"302","Kab. Pesawaran","Lampung","","Ngada","Nusa Tenggara Timur","","","","","","","","","","","","","","","",""
"303","Kab. Pesisir Barat","Lampung","","Nganjuk","Jawa Timur","","","","","","","","","","","","","","","",""
"304","Kab. Pesisir Selatan","Sumatera Barat","","Ngawi","Jawa Timur","","","","","","","","","","","","","","","",""
"305","Kab. Pidie","Aceh","","Nias","Sumatera Utara","","","","","","","","","","","","","","","",""
"306","Kab. Pidie Jaya","Aceh","","Nias Barat","Sumatera Utara","","","","","","","","","","","","","","","",""
"307","Kab. Pinrang","Sulawesi Selatan","","Nias Selatan","Sumatera Utara","","","","","","","","","","","","","","","",""
"308","Kab. Pohuwato","Gorontalo","","Nias Utara","Sumatera Utara","","","","","","","","","","","","","","","",""
"309","Kab. Polewali Mandar","Sulawesi Barat","","Nunukan","Kalimantan Utara","","","","","","","","","","","","","","","",""
"310","Kab. Ponorogo","Jawa Timur","","Ogan Ilir","Sumatera Selatan","","","","","","","","","","","","","","","",""
"311","Kab. Poso","Sulawesi Tengah","","Ogan Komering Ilir","Sumatera Selatan","","","","","","","","","","","","","","","",""
"312","Kab. Pringsewu","Lampung","","Ogan Komering Ulu","Sumatera Selatan","","","","","","","","","","","","","","","",""
"313","Kab. Probolinggo","Jawa Timur","","Ogan Komering Ulu Selatan","Sumatera Selatan","","","","","","","","","","","","","","","",""
"314","Kab. Pulang Pisau","Kalimantan Tengah","","Ogan Komering Ulu Timur","Sumatera Selatan","","","","","","","","","","","","","","","",""
"315","Kab. Pulau Morotai","Maluku Utara","","Pacitan","Jawa Timur","","","","","","","","","","","","","","","",""
"316","Kab. Pulau Taliabu","Maluku Utara","","Padang","Sumatera Barat","","","","","","","","","","","","","","","",""
"317","Kab. Puncak","Papua Tengah","","Padang Lawas","Sumatera Utara","","","","","","","","","","","","","","","",""
"318","Kab. Puncak Jaya","Papua Tengah","","Padang Lawas Utara","Sumatera Utara","","","","","","","","","","","","","","","",""
"319","Kab. Purbalingga","Jawa Tengah","","Padang Panjang","Sumatera Barat","","","","","","","","","","","","","","","",""
"320","Kab. Purwakarta","Jawa Barat","","Padang Pariaman","Sumatera Barat","","","","","","","","","","","","","","","",""
"321","Kab. Purworejo","Jawa Tengah","","Padangsidimpuan","Sumatera Utara","","","","","","","","","","","","","","","",""
"322","Kab. Raja Ampat","Papua Barat Daya","","Pagar Alam","Sumatera Selatan","","","","","","","","","","","","","","","",""
"323","Kab. Rejang Lebong","Bengkulu","","Pakpak Bharat","Sumatera Utara","","","","","","","","","","","","","","","",""
"324","Kab. Rembang","Jawa Tengah","","Palangka Raya","Kalimantan Tengah","","","","","","","","","","","","","","","",""
"325","Kab. Rokan Hilir","Riau","","Palembang","Sumatera Selatan","","","","","","","","","","","","","","","",""
"326","Kab. Rokan Hulu","Riau","","Palopo","Sulawesi Selatan","","","","","","","","","","","","","","","",""
"327","Kab. Rote Ndao","Nusa Tenggara Timur","","Palu","Sulawesi Tengah","","","","","","","","","","","","","","","",""
"328","Kab. Sabu Raijua","Nusa Tenggara Timur","","Pamekasan","Jawa Timur","","","","","","","","","","","","","","","",""
"329","Kab. Sambas","Kalimantan Barat","","Pandeglang","Banten","","","","","","","","","","","","","","","",""
"330","Kab. Samosir","Sumatera Utara","","Pangandaran","Jawa Barat","","","","","","","","","","","","","","","",""
"331","Kab. Sampang","Jawa Timur","","Pangkajene Dan Kep.","Sulawesi Selatan","","","","","","","","","","","","","","","",""
"332","Kab. Sanggau","Kalimantan Barat","","Pangkalpinang","Kep. Bangka Belitung","","","","","","","","","","","","","","","",""
"333","Kab. Sarmi","Papua","","Paniai","Papua Tengah","","","","","","","","","","","","","","","",""
"334","Kab. Sarolangun","Jambi","","Parepare","Sulawesi Selatan","","","","","","","","","","","","","","","",""
"335","Kab. Sekadau","Kalimantan Barat","","Pariaman","Sumatera Barat","","","","","","","","","","","","","","","",""
"336","Kab. Seluma","Bengkulu","","Parigi Moutong","Sulawesi Tengah","","","","","","","","","","","","","","","",""
"337","Kab. Semarang","Jawa Tengah","","Pasaman","Sumatera Barat","","","","","","","","","","","","","","","",""
"338","Kab. Seram Bagian Barat","Maluku","","Pasaman Barat","Sumatera Barat","","","","","","","","","","","","","","","",""
"339","Kab. Seram Bagian Timur","Maluku","","Pasangkayu","Sulawesi Barat","","","","","","","","","","","","","","","",""
"340","Kab. Serang","Banten","","Paser","Kalimantan Timur","","","","","","","","","","","","","","","",""
"341","Kab. Serdang Bedagai","Sumatera Utara","","Pasuruan","Jawa Timur","","","","","","","","","","","","","","","",""
"342","Kab. Seruyan","Kalimantan Tengah","","Pati","Jawa Tengah","","","","","","","","","","","","","","","",""
"343","Kab. Siak","Riau","","Payakumbuh","Sumatera Barat","","","","","","","","","","","","","","","",""
"344","Kab. Sidenreng Rappang","Sulawesi Selatan","","Pegunungan Arfak","Papua Barat","","","","","","","","","","","","","","","",""
"345","Kab. Sidoarjo","Jawa Timur","","Pegunungan Bintang","Papua Pegunungan","","","","","","","","","","","","","","","",""
"346","Kab. Sigi","Sulawesi Tengah","","Pekalongan","Jawa Tengah","","","","","","","","","","","","","","","",""
"347","Kab. Sijunjung","Sumatera Barat","","Pekanbaru","Riau","","","","","","","","","","","","","","","",""
"348","Kab. Sikka","Nusa Tenggara Timur","","Pelalawan","Riau","","","","","","","","","","","","","","","",""
"349","Kab. Simalungun","Sumatera Utara","","Pemalang","Jawa Tengah","","","","","","","","","","","","","","","",""
"350","Kab. Simeulue","Aceh","","Pematangsiantar","Sumatera Utara","","","","","","","","","","","","","","","",""
"351","Kab. Sinjai","Sulawesi Selatan","","Penajam Paser Utara","Kalimantan Timur","","","","","","","","","","","","","","","",""
"352","Kab. Sintang","Kalimantan Barat","","Penukal Abab Lematang Ilir","Sumatera Selatan","","","","","","","","","","","","","","","",""
"353","Kab. Situbondo","Jawa Timur","","Pesawaran","Lampung","","","","","","","","","","","","","","","",""
"354","Kab. Sleman","DI Yogyakarta","","Pesisir Barat","Lampung","","","","","","","","","","","","","","","",""
"355","Kab. Solok","Sumatera Barat","","Pesisir Selatan","Sumatera Barat","","","","","","","","","","","","","","","",""
"356","Kab. Solok Selatan","Sumatera Barat","","Pidie","Aceh","","","","","","","","","","","","","","","",""
"357","Kab. Soppeng","Sulawesi Selatan","","Pidie Jaya","Aceh","","","","","","","","","","","","","","","",""
"358","Kab. Sorong","Papua Barat Daya","","Pinrang","Sulawesi Selatan","","","","","","","","","","","","","","","",""
"359","Kab. Sorong Selatan","Papua Barat Daya","","Pohuwato","Gorontalo","","","","","","","","","","","","","","","",""
"360","Kab. Sragen","Jawa Tengah","","Polewali Mandar","Sulawesi Barat","","","","","","","","","","","","","","","",""
"361","Kab. Subang","Jawa Barat","","Ponorogo","Jawa Timur","","","","","","","","","","","","","","","",""
"362","Kab. Sukabumi","Jawa Barat","","Pontianak","Kalimantan Barat","","","","","","","","","","","","","","","",""
"363","Kab. Sukamara","Kalimantan Tengah","","Poso","Sulawesi Tengah","","","","","","","","","","","","","","","",""
"364","Kab. Sukoharjo","Jawa Tengah","","Prabumulih","Sumatera Selatan","","","","","","","","","","","","","","","",""
"365","Kab. Sumba Barat","Nusa Tenggara Timur","","Pringsewu","Lampung","","","","","","","","","","","","","","","",""
"366","Kab. Sumba Barat Daya","Nusa Tenggara Timur","","Probolinggo","Jawa Timur","","","","","","","","","","","","","","","",""
"367","Kab. Sumba Tengah","Nusa Tenggara Timur","","Pulang Pisau","Kalimantan Tengah","","","","","","","","","","","","","","","",""
"368","Kab. Sumba Timur","Nusa Tenggara Timur","","Pulau Morotai","Maluku Utara","","","","","","","","","","","","","","","",""
"369","Kab. Sumbawa","Nusa Tenggara Barat","","Pulau Taliabu","Maluku Utara","","","","","","","","","","","","","","","",""
"370","Kab. Sumbawa Barat","Nusa Tenggara Barat","","Puncak","Papua Tengah","","","","","","","","","","","","","","","",""
"371","Kab. Sumedang","Jawa Barat","","Puncak Jaya","Papua Tengah","","","","","","","","","","","","","","","",""
"372","Kab. Sumenep","Jawa Timur","","Purbalingga","Jawa Tengah","","","","","","","","","","","","","","","",""
"373","Kab. Supiori","Papua","","Purwakarta","Jawa Barat","","","","","","","","","","","","","","","",""
"374","Kab. Tabalong","Kalimantan Selatan","","Purworejo","Jawa Tengah","","","","","","","","","","","","","","","",""
"375","Kab. Tabanan","Bali","","Raja Ampat","Papua Barat Daya","","","","","","","","","","","","","","","",""
"376","Kab. Takalar","Sulawesi Selatan","","Rejang Lebong","Bengkulu","","","","","","","","","","","","","","","",""
"377","Kab. Tambrauw","Papua Barat Daya","","Rembang","Jawa Tengah","","","","","","","","","","","","","","","",""
"378","Kab. Tana Tidung","Kalimantan Utara","","Rokan Hilir","Riau","","","","","","","","","","","","","","","",""
"379","Kab. Tana Toraja","Sulawesi Selatan","","Rokan Hulu","Riau","","","","","","","","","","","","","","","",""
"380","Kab. Tanah Bumbu","Kalimantan Selatan","","Rote Ndao","Nusa Tenggara Timur","","","","","","","","","","","","","","","",""
"381","Kab. Tanah Datar","Sumatera Barat","","Sabang","Aceh","","","","","","","","","","","","","","","",""
"382","Kab. Tanah Laut","Kalimantan Selatan","","Sabu Raijua","Nusa Tenggara Timur","","","","","","","","","","","","","","","",""
"383","Kab. Tangerang","Banten","","Salatiga","Jawa Tengah","","","","","","","","","","","","","","","",""
"384","Kab. Tanggamus","Lampung","","Samarinda","Kalimantan Timur","","","","","","","","","","","","","","","",""
"385","Kab. Tanjung Jabung Barat","Jambi","","Sambas","Kalimantan Barat","","","","","","","","","","","","","","","",""
"386","Kab. Tanjung Jabung Timur","Jambi","","Samosir","Sumatera Utara","","","","","","","","","","","","","","","",""
"387","Kab. Tapanuli Selatan","Sumatera Utara","","Sampang","Jawa Timur","","","","","","","","","","","","","","","",""
"388","Kab. Tapanuli Tengah","Sumatera Utara","","Sanggau","Kalimantan Barat","","","","","","","","","","","","","","","",""
"389","Kab. Tapanuli Utara","Sumatera Utara","","Sarmi","Papua","","","","","","","","","","","","","","","",""
"390","Kab. Tapin","Kalimantan Selatan","","Sarolangun","Jambi","","","","","","","","","","","","","","","",""
"391","Kab. Tasikmalaya","Jawa Barat","","Sawahlunto","Sumatera Barat","","","","","","","","","","","","","","","",""
"392","Kab. Tebo","Jambi","","Sekadau","Kalimantan Barat","","","","","","","","","","","","","","","",""
"393","Kab. Tegal","Jawa Tengah","","Seluma","Bengkulu","","","","","","","","","","","","","","","",""
"394","Kab. Teluk Bintuni","Papua Barat","","Semarang","Jawa Tengah","","","","","","","","","","","","","","","",""
"395","Kab. Teluk Wondama","Papua Barat","","Seram Bagian Barat","Maluku","","","","","","","","","","","","","","","",""
"396","Kab. Temanggung","Jawa Tengah","","Seram Bagian Timur","Maluku","","","","","","","","","","","","","","","",""
"397","Kab. Timor Tengah Selatan","Nusa Tenggara Timur","","Serang","Banten","","","","","","","","","","","","","","","",""
"398","Kab. Timor Tengah Utara","Nusa Tenggara Timur","","Serdang Bedagai","Sumatera Utara","","","","","","","","","","","","","","","",""
"399","Kab. Toba","Sumatera Utara","","Seruyan","Kalimantan Tengah","","","","","","","","","","","","","","","",""
"400","Kab. Tojo Una Una","Sulawesi Tengah","","Siak","Riau","","","","","","","","","","","","","","","",""
"401","Kab. Tolikara","Papua Pegunungan","","Sibolga","Sumatera Utara","","","","","","","","","","","","","","","",""
"402","Kab. Tolitoli","Sulawesi Tengah","","Sidenreng Rappang","Sulawesi Selatan","","","","","","","","","","","","","","","",""
"403","Kab. Toraja Utara","Sulawesi Selatan","","Sidoarjo","Jawa Timur","","","","","","","","","","","","","","","",""
"404","Kab. Trenggalek","Jawa Timur","","Sigi","Sulawesi Tengah","","","","","","","","","","","","","","","",""
"405","Kab. Tuban","Jawa Timur","","Sijunjung","Sumatera Barat","","","","","","","","","","","","","","","",""
"406","Kab. Tulang Bawang","Lampung","","Sikka","Nusa Tenggara Timur","","","","","","","","","","","","","","","",""
"407","Kab. Tulang Bawang Barat","Lampung","","Simalungun","Sumatera Utara","","","","","","","","","","","","","","","",""
"408","Kab. Tulungagung","Jawa Timur","","Simeulue","Aceh","","","","","","","","","","","","","","","",""
"409","Kab. Wajo","Sulawesi Selatan","","Singkawang","Kalimantan Barat","","","","","","","","","","","","","","","",""
"410","Kab. Wakatobi","Sulawesi Tenggara","","Sinjai","Sulawesi Selatan","","","","","","","","","","","","","","","",""
"411","Kab. Waropen","Papua","","Sintang","Kalimantan Barat","","","","","","","","","","","","","","","",""
"412","Kab. Way Kanan","Lampung","","Situbondo","Jawa Timur","","","","","","","","","","","","","","","",""
"413","Kab. Wonogiri","Jawa Tengah","","Sleman","DI Yogyakarta","","","","","","","","","","","","","","","",""
"414","Kab. Wonosobo","Jawa Tengah","","Solok","Sumatera Barat","","","","","","","","","","","","","","","",""
"415","Kab. Yahukimo","Papua Pegunungan","","Solok Selatan","Sumatera Barat","","","","","","","","","","","","","","","",""
"416","Kab. Yalimo","Papua Pegunungan","","Soppeng","Sulawesi Selatan","","","","","","","","","","","","","","","",""
"417","Kota Administrasi Jakarta Barat","DKI Jakarta","","Sorong","Papua Barat Daya","","","","","","","","","","","","","","","",""
"418","Kota Administrasi Jakarta Pusat","DKI Jakarta","","Sorong Selatan","Papua Barat Daya","","","","","","","","","","","","","","","",""
"419","Kota Administrasi Jakarta Selatan","DKI Jakarta","","Sragen","Jawa Tengah","","","","","","","","","","","","","","","",""
"420","Kota Administrasi Jakarta Timur","DKI Jakarta","","Subang","Jawa Barat","","","","","","","","","","","","","","","",""
"421","Kota Administrasi Jakarta Utara","DKI Jakarta","","Subulussalam","Aceh","","","","","","","","","","","","","","","",""
"422","Kota Ambon","Maluku","","Sukabumi","Jawa Barat","","","","","","","","","","","","","","","",""
"423","Kota Balikpapan","Kalimantan Timur","","Sukamara","Kalimantan Tengah","","","","","","","","","","","","","","","",""
"424","Kota Banda Aceh","Aceh","","Sukoharjo","Jawa Tengah","","","","","","","","","","","","","","","",""
"425","Kota Bandar Lampung","Lampung","","Sumba Barat","Nusa Tenggara Timur","","","","","","","","","","","","","","","",""
"426","Kota Bandung","Jawa Barat","","Sumba Barat Daya","Nusa Tenggara Timur","","","","","","","","","","","","","","","",""
"427","Kota Banjar","Jawa Barat","","Sumba Tengah","Nusa Tenggara Timur","","","","","","","","","","","","","","","",""
"428","Kota Banjarbaru","Kalimantan Selatan","","Sumba Timur","Nusa Tenggara Timur","","","","","","","","","","","","","","","",""
"429","Kota Banjarmasin","Kalimantan Selatan","","Sumbawa","Nusa Tenggara Barat","","","","","","","","","","","","","","","",""
"430","Kota Batam","Kep. Riau","","Sumbawa Barat","Nusa Tenggara Barat","","","","","","","","","","","","","","","",""
"431","Kota Batu","Jawa Timur","","Sumedang","Jawa Barat","","","","","","","","","","","","","","","",""
"432","Kota Baubau","Sulawesi Tenggara","","Sumenep","Jawa Timur","","","","","","","","","","","","","","","",""
"433","Kota Bekasi","Jawa Barat","","Sungai Penuh","Jambi","","","","","","","","","","","","","","","",""
"434","Kota Bengkulu","Bengkulu","","Supiori","Papua","","","","","","","","","","","","","","","",""
"435","Kota Bima","Nusa Tenggara Barat","","Surabaya","Jawa Timur","","","","","","","","","","","","","","","",""
"436","Kota Binjai","Sumatera Utara","","Surakarta","Jawa Tengah","","","","","","","","","","","","","","","",""
"437","Kota Bitung","Sulawesi Utara","","Tabalong","Kalimantan Selatan","","","","","","","","","","","","","","","",""
"438","Kota Blitar","Jawa Timur","","Tabanan","Bali","","","","","","","","","","","","","","","",""
"439","Kota Bogor","Jawa Barat","","Takalar","Sulawesi Selatan","","","","","","","","","","","","","","","",""
"440","Kota Bontang","Kalimantan Timur","","Tambrauw","Papua Barat Daya","","","","","","","","","","","","","","","",""
"441","Kota Bukittinggi","Sumatera Barat","","Tana Tidung","Kalimantan Utara","","","","","","","","","","","","","","","",""
"442","Kota Cilegon","Banten","","Tana Toraja","Sulawesi Selatan","","","","","","","","","","","","","","","",""
"443","Kota Cimahi","Jawa Barat","","Tanah Bumbu","Kalimantan Selatan","","","","","","","","","","","","","","","",""
"444","Kota Cirebon","Jawa Barat","","Tanah Datar","Sumatera Barat","","","","","","","","","","","","","","","",""
"445","Kota Denpasar","Bali","","Tanah Laut","Kalimantan Selatan","","","","","","","","","","","","","","","",""
"446","Kota Depok","Jawa Barat","","Tangerang","Banten","","","","","","","","","","","","","","","",""
"447","Kota Dumai","Riau","","Tangerang Selatan","Banten","","","","","","","","","","","","","","","",""
"448","Kota Gorontalo","Gorontalo","","Tanggamus","Lampung","","","","","","","","","","","","","","","",""
"449","Kota Gunungsitoli","Sumatera Utara","","Tanjung Jabung Barat","Jambi","","","","","","","","","","","","","","","",""
"450","Kota Jambi","Jambi","","Tanjung Jabung Timur","Jambi","","","","","","","","","","","","","","","",""
"451","Kota Jayapura","Papua","","Tanjungbalai","Sumatera Utara","","","","","","","","","","","","","","","",""
"452","Kota Kediri","Jawa Timur","","Tanjungpinang","Kep. Riau","","","","","","","","","","","","","","","",""
"453","Kota Kendari","Sulawesi Tenggara","","Tapanuli Selatan","Sumatera Utara","","","","","","","","","","","","","","","",""
"454","Kota Kotamobagu","Sulawesi Utara","","Tapanuli Tengah","Sumatera Utara","","","","","","","","","","","","","","","",""
"455","Kota Kupang","Nusa Tenggara Timur","","Tapanuli Utara","Sumatera Utara","","","","","","","","","","","","","","","",""
"456","Kota Langsa","Aceh","","Tapin","Kalimantan Selatan","","","","","","","","","","","","","","","",""
"457","Kota Lhokseumawe","Aceh","","Tarakan","Kalimantan Utara","","","","","","","","","","","","","","","",""
"458","Kota Lubuk Linggau","Sumatera Selatan","","Tasikmalaya","Jawa Barat","","","","","","","","","","","","","","","",""
"459","Kota Madiun","Jawa Timur","","Tebing Tinggi","Sumatera Utara","","","","","","","","","","","","","","","",""
"460","Kota Magelang","Jawa Tengah","","Tebo","Jambi","","","","","","","","","","","","","","","",""
"461","Kota Makassar","Sulawesi Selatan","","Tegal","Jawa Tengah","","","","","","","","","","","","","","","",""
"462","Kota Malang","Jawa Timur","","Teluk Bintuni","Papua Barat","","","","","","","","","","","","","","","",""
"463","Kota Manado","Sulawesi Utara","","Teluk Wondama","Papua Barat","","","","","","","","","","","","","","","",""
"464","Kota Mataram","Nusa Tenggara Barat","","Temanggung","Jawa Tengah","","","","","","","","","","","","","","","",""
"465","Kota Medan","Sumatera Utara","","Ternate","Maluku Utara","","","","","","","","","","","","","","","",""
"466","Kota Metro","Lampung","","Tidore Kep.","Maluku Utara","","","","","","","","","","","","","","","",""
"467","Kota Mojokerto","Jawa Timur","","Timor Tengah Selatan","Nusa Tenggara Timur","","","","","","","","","","","","","","","",""
"468","Kota Padang","Sumatera Barat","","Timor Tengah Utara","Nusa Tenggara Timur","","","","","","","","","","","","","","","",""
"469","Kota Padang Panjang","Sumatera Barat","","Toba","Sumatera Utara","","","","","","","","","","","","","","","",""
"470","Kota Padangsidimpuan","Sumatera Utara","","Tojo Una Una","Sulawesi Tengah","","","","","","","","","","","","","","","",""
"471","Kota Pagar Alam","Sumatera Selatan","","Tolikara","Papua Pegunungan","","","","","","","","","","","","","","","",""
"472","Kota Palangka Raya","Kalimantan Tengah","","Tolitoli","Sulawesi Tengah","","","","","","","","","","","","","","","",""
"473","Kota Palembang","Sumatera Selatan","","Tomohon","Sulawesi Utara","","","","","","","","","","","","","","","",""
"474","Kota Palopo","Sulawesi Selatan","","Toraja Utara","Sulawesi Selatan","","","","","","","","","","","","","","","",""
"475","Kota Palu","Sulawesi Tengah","","Trenggalek","Jawa Timur","","","","","","","","","","","","","","","",""
"476","Kota Pangkalpinang","Kep. Bangka Belitung","","Tual","Maluku","","","","","","","","","","","","","","","",""
"477","Kota Parepare","Sulawesi Selatan","","Tuban","Jawa Timur","","","","","","","","","","","","","","","",""
"478","Kota Pariaman","Sumatera Barat","","Tulang Bawang","Lampung","","","","","","","","","","","","","","","",""
"479","Kota Pasuruan","Jawa Timur","","Tulang Bawang Barat","Lampung","","","","","","","","","","","","","","","",""
"480","Kota Payakumbuh","Sumatera Barat","","Tulungagung","Jawa Timur","","","","","","","","","","","","","","","",""
"481","Kota Pekalongan","Jawa Tengah","","Wajo","Sulawesi Selatan","","","","","","","","","","","","","","","",""
"482","Kota Pekanbaru","Riau","","Wakatobi","Sulawesi Tenggara","","","","","","","","","","","","","","","",""
"483","Kota Pematangsiantar","Sumatera Utara","","Waropen","Papua","","","","","","","","","","","","","","","",""
"484","Kota Pontianak","Kalimantan Barat","","Way Kanan","Lampung","","","","","","","","","","","","","","","",""
"485","Kota Prabumulih","Sumatera Selatan","","Wonogiri","Jawa Tengah","","","","","","","","","","","","","","","",""
"486","Kota Probolinggo","Jawa Timur","","Wonosobo","Jawa Tengah","","","","","","","","","","","","","","","",""
"487","Kota Sabang","Aceh","","Yahukimo","Papua Pegunungan","","","","","","","","","","","","","","","",""
"488","Kota Salatiga","Jawa Tengah","","Yalimo","Papua Pegunungan","","","","","","","","","","","","","","","",""
"489","Kota Samarinda","Kalimantan Timur","","Yogyakarta","DI Yogyakarta","","","","","","","","","","","","","","","",""
"490","Kota Sawahlunto","Sumatera Barat","","","","","","","","","","","","","","","","","","",""
"491","Kota Semarang","Jawa Tengah","","","","","","","","","","","","","","","","","","",""
"492","Kota Serang","Banten","","","","","","","","","","","","","","","","","","",""
"493","Kota Sibolga","Sumatera Utara","","","","","","","","","","","","","","","","","","",""
"494","Kota Singkawang","Kalimantan Barat","","","","","","","","","","","","","","","","","","",""
"495","Kota Solok","Sumatera Barat","","","","","","","","","","","","","","","","","","",""
"496","Kota Sorong","Papua Barat Daya","","","","","","","","","","","","","","","","","","",""
"497","Kota Subulussalam","Aceh","","","","","","","","","","","","","","","","","","",""
"498","Kota Sukabumi","Jawa Barat","","","","","","","","","","","","","","","","","","",""
"499","Kota Sungai Penuh","Jambi","","","","","","","","","","","","","","","","","","",""
"500","Kota Surabaya","Jawa Timur","","","","","","","","","","","","","","","","","","",""
"501","Kota Surakarta","Jawa Tengah","","","","","","","","","","","","","","","","","","",""
"502","Kota Tangerang","Banten","","","","","","","","","","","","","","","","","","",""
"503","Kota Tangerang Selatan","Banten","","","","","","","","","","","","","","","","","","",""
"504","Kota Tanjungbalai","Sumatera Utara","","","","","","","","","","","","","","","","","","",""
"505","Kota Tanjungpinang","Kep. Riau","","","","","","","","","","","","","","","","","","",""
"506","Kota Tarakan","Kalimantan Utara","","","","","","","","","","","","","","","","","","",""
"507","Kota Tasikmalaya","Jawa Barat","","","","","","","","","","","","","","","","","","",""
"508","Kota Tebing Tinggi","Sumatera Utara","","","","","","","","","","","","","","","","","","",""
"509","Kota Tegal","Jawa Tengah","","","","","","","","","","","","","","","","","","",""
"510","Kota Ternate","Maluku Utara","","","","","","","","","","","","","","","","","","",""
"511","Kota Tidore Kep.","Maluku Utara","","","","","","","","","","","","","","","","","","",""
"512","Kota Tomohon","Sulawesi Utara","","","","","","","","","","","","","","","","","","",""
"513","Kota Tual","Maluku","","","","","","","","","","","","","","","","","","",""
"514","Kota Yogyakarta","DI Yogyakarta","","","","","","","","","","","","","","","","","","",""